ID,Sex,Trait2a,Trait2b,Trait2c,G1,G2
55,M,88.136,80.136,88.136,1,1
56,M,95.376,88.376,95.376,-1,-1
57,M,97.516,93.516,103.516,0,0
58,F,86.236,88.236,92.236,0,-1
59,M,94.316,87.316,94.316,-1,-1
60,F,78.856,70.856,78.856,1,1
61,F,95.926,88.926,95.926,-1,-1
62,M,91.696,91.696,91.696,1,-1
63,F,86.126,82.126,92.126,0,0
64,F,91.126,93.126,91.126,1,0
65,F,97.186,99.186,103.186,0,-1
66,F,93.536,95.536,99.536,0,1
67,F,101.186,93.186,101.186,1,1
69,M,97.476,99.476,97.476,-1,0
70,F,97.166,99.166,97.166,1,0
71,M,100.406,96.406,106.406,0,0
72,M,90.076,92.076,96.076,0,1
73,M,98.55,100.55,104.55,0,-1
74,M,99.306,99.306,99.306,-1,1
82,M,88.168,84.168,94.168,0,0
83,M,93.558,89.558,99.558,0,0
84,M,82.053,82.053,82.053,-1,1
85,M,83.253,79.253,89.253,0,0
86,M,92.193,92.193,92.193,1,-1
87,M,86.183,82.183,92.183,0,0
90,M,88.243,88.243,88.243,1,-1
91,F,77.051,73.051,83.051,0,0
92,M,92.851,94.851,98.851,0,1
93,M,97.441,93.441,103.441,0,0
94,M,84.361,80.361,90.361,0,0
96,M,88.601,90.601,88.601,-1,0
97,F,90.881,92.881,90.881,-1,0
98,M,98.351,100.351,104.351,0,-1
100,M,97.881,93.881,103.881,0,0
101,F,98.241,100.241,98.241,1,0
102,F,68.161,70.161,68.161,1,0
103,F,88.581,90.581,88.581,-1,0
104,F,95.873,97.873,101.873,0,1
105,F,86.453,88.453,92.453,0,-1
106,M,102.803,104.803,108.803,0,-1
107,M,93.373,93.373,93.373,-1,1
108,M,96.083,92.083,102.083,0,0
111,F,89.383,91.383,89.383,1,0
112,F,98.023,90.023,98.023,1,1
113,F,89.973,85.973,95.973,0,0
114,F,91.429,87.429,97.429,0,0
115,M,87.549,83.549,93.549,0,0
116,F,75.589,77.589,75.589,1,0
117,F,94.629,96.629,94.629,-1,0
118,M,97.079,93.079,103.079,0,0
120,M,89.569,91.569,89.569,1,0
121,F,103.389,99.389,109.389,0,0
122,M,96.529,92.529,102.529,0,0
123,M,95.369,97.369,101.369,0,-1
124,F,84.339,84.339,84.339,1,-1
125,M,93.339,95.339,99.339,0,-1
126,M,101.05,97.05,107.05,0,0
127,M,89.03,89.03,89.03,-1,1
128,F,92.13,94.13,98.13,0,-1
129,F,88.9,84.9,94.9,0,0
130,F,92.75,85.75,92.75,-1,-1
131,M,93.04,89.04,99.04,0,0
132,F,98.27,94.27,104.27,0,0
133,F,84.6,86.6,90.6,0,1
134,F,93.73,95.73,93.73,1,0
135,F,90.47,86.47,96.47,0,0
136,M,105.86,98.86,105.86,-1,-1
137,F,75.41,77.41,81.41,0,-1
138,F,89.24,85.24,95.24,0,0
139,M,86.903,88.903,92.903,0,-1
140,M,88.293,80.293,88.293,1,1
141,F,83.703,85.703,89.703,0,-1
142,M,84.943,80.943,90.943,0,0
143,M,90.753,92.753,96.753,0,-1
144,M,99.123,91.123,99.123,1,1
145,M,96.473,98.473,96.473,1,0
146,M,102.083,102.083,102.083,-1,1
148,F,96.626,88.626,96.626,1,1
150,M,99.996,101.996,99.996,1,0
151,F,92.866,88.866,98.866,0,0
152,F,88.446,90.446,94.446,0,1
153,F,93.076,95.076,99.076,0,1
154,M,92.056,85.056,92.056,-1,-1
155,F,78.576,78.576,78.576,-1,1
156,F,98.496,94.496,104.496,0,0
158,M,87.826,89.826,87.826,-1,0
159,M,93.017,93.017,93.017,-1,1
160,M,91.587,93.587,91.587,-1,0
161,M,95.577,91.577,101.577,0,0
162,F,80.287,82.287,86.287,0,1
163,F,89.807,91.807,95.807,0,-1
165,M,91.337,93.337,97.337,0,1
166,M,92.988,94.988,92.988,-1,0
167,F,91.248,93.248,91.248,1,0
168,F,85.838,87.838,85.838,1,0
169,M,95.338,97.338,95.338,1,0
170,M,88.588,90.588,88.588,1,0
171,M,92.598,88.598,98.598,0,0
172,F,93.198,95.198,93.198,1,0
173,F,98.598,94.598,104.598,0,0
174,F,86.688,88.688,86.688,-1,0
175,F,79.858,79.858,79.858,-1,1
176,F,91.564,87.564,97.564,0,0
177,M,98.204,100.204,104.204,0,-1
178,F,89.244,91.244,95.244,0,-1
179,F,82.944,78.944,88.944,0,0
180,F,83.944,79.944,89.944,0,0
181,F,98.534,91.534,98.534,-1,-1
182,F,74.974,74.974,74.974,-1,1
183,M,81.674,77.674,87.674,0,0
184,F,98.048,100.048,104.048,0,-1
185,M,96.808,92.808,102.808,0,0
186,M,96.578,92.578,102.578,0,0
187,F,82.488,84.488,82.488,-1,0
188,M,96.228,89.228,96.228,-1,-1
189,F,95.018,97.018,95.018,-1,0
190,F,94.358,90.358,100.358,0,0
191,F,93.608,89.608,99.608,0,0
192,F,80.878,82.878,86.878,0,-1
193,F,86.908,88.908,86.908,1,0
194,M,94.098,90.098,100.098,0,0
195,M,95.418,95.418,95.418,-1,1
196,M,95.517,97.517,95.517,-1,0
197,M,86.067,86.067,86.067,-1,1
198,F,90.527,86.527,96.527,0,0
199,F,92.207,84.207,92.207,1,1
200,M,90.987,86.987,96.987,0,0
201,F,91.907,93.907,91.907,-1,0
202,F,88.407,90.407,88.407,-1,0
203,F,99.067,91.067,99.067,1,1
204,M,95.957,91.957,101.957,0,0
205,M,94.967,94.967,94.967,-1,1
206,M,97.267,97.267,97.267,1,-1
207,F,91.239,93.239,97.239,0,-1
208,F,97.439,99.439,103.439,0,1
209,F,94.559,94.559,94.559,1,-1
210,M,98.089,98.089,98.089,-1,1
211,M,91.779,87.779,97.779,0,0
212,F,90.739,92.739,96.739,0,-1
213,F,87.899,87.899,87.899,1,-1
214,M,92.099,92.099,92.099,-1,1
215,F,92.979,88.979,98.979,0,0
216,F,79.959,72.959,79.959,-1,-1
217,M,89.119,91.119,95.119,0,-1
218,M,87.556,87.556,87.556,-1,1
219,F,91.964,87.964,97.964,0,0
220,M,91.744,93.744,91.744,-1,0
221,F,93.194,85.194,93.194,1,1
222,M,93.445,95.445,93.445,1,0
223,M,97.694,93.694,103.694,0,0
224,M,85.144,87.144,91.144,0,-1
225,M,99.474,101.474,105.474,0,-1
226,F,94.72,96.72,94.72,-1,0
227,M,94.454,87.454,94.454,-1,-1
228,F,85.75,87.75,91.75,0,1
229,M,93.94,95.94,93.94,-1,0
230,M,86.7,86.7,86.7,1,-1
231,M,98.64,100.64,98.64,1,0
232,M,97.44,89.44,97.44,1,1
233,F,92.68,85.68,92.68,-1,-1
235,F,84.83,86.83,90.83,0,1
236,F,88.19,90.19,88.19,1,0
237,F,81.03,83.03,87.03,0,1
238,M,97.585,93.585,103.585,0,0
239,M,91.945,93.945,91.945,1,0
240,F,99.705,101.705,105.705,0,1
242,F,94.815,96.815,94.815,-1,0
243,F,85.915,85.915,85.915,1,-1
245,M,96.105,92.105,102.105,0,0
246,M,92.195,94.195,92.195,-1,0
247,M,86.795,86.795,86.795,1,-1
248,F,91.575,93.575,91.575,1,0
249,F,82.735,78.735,88.735,0,0
250,M,92.535,94.535,92.535,1,0
251,M,93.735,95.735,93.735,-1,0
252,M,101.585,103.585,107.585,0,-1
253,F,84.155,86.155,90.155,0,-1
254,M,94.795,96.795,94.795,-1,0
255,M,93.805,93.805,93.805,-1,1
256,F,93.855,95.855,93.855,-1,0
257,M,89.587,91.587,95.587,0,1
258,F,92.205,85.205,92.205,-1,-1
259,M,101.211,103.211,101.211,1,0
260,F,83.481,79.481,89.481,0,0
261,M,98.191,94.191,104.191,0,0
262,M,83.451,85.451,83.451,-1,0
263,M,92.931,94.931,98.931,0,1
264,M,95.441,91.441,101.441,0,0
265,M,95.291,91.291,101.291,0,0
266,F,88.301,90.301,94.301,0,1
267,F,85.521,87.521,91.521,0,1
268,M,100.281,96.281,106.281,0,0
269,F,93.791,95.791,99.791,0,1
270,F,92.12,94.12,92.12,-1,0
271,F,99.32,92.32,99.32,-1,-1
272,F,92.39,94.39,92.39,-1,0
273,F,92.81,92.81,92.81,-1,1
274,M,103.83,99.83,109.83,0,0
275,M,95.91,87.91,95.91,1,1
276,F,90.41,92.41,90.41,-1,0
277,F,82.27,84.27,88.27,0,-1
278,F,94.89,94.89,94.89,-1,1
279,M,89.92,91.92,89.92,1,0
280,F,92.73,94.73,98.73,0,1
281,F,89.92,91.92,89.92,1,0
282,F,86.45,88.45,86.45,-1,0
283,F,86.868,88.868,92.868,0,1
284,F,99.848,95.848,105.848,0,0
285,F,97.328,93.328,103.328,0,0
286,F,98.598,94.598,104.598,0,0
287,F,96.998,89.998,96.998,-1,-1
288,F,93.658,89.658,99.658,0,0
289,F,92.988,88.988,98.988,0,0
290,F,101.898,94.898,101.898,-1,-1
291,F,96.318,89.318,96.318,-1,-1
292,F,84.098,86.098,90.098,0,-1
293,M,90.778,86.778,96.778,0,0
294,M,100.1,102.1,100.1,1,0
295,M,96.63,98.63,96.63,-1,0
296,F,85.8,81.8,91.8,0,0
297,M,89.37,85.37,95.37,0,0
298,M,90.75,92.75,90.75,-1,0
299,F,88.59,84.59,94.59,0,0
300,F,91.64,93.64,97.64,0,-1
301,M,85.87,81.87,91.87,0,0
302,F,97.72,90.72,97.72,-1,-1
303,F,89.52,91.52,89.52,-1,0
305,F,87.606,83.606,93.606,0,0
306,M,90.496,92.496,96.496,0,1
307,M,82.556,78.556,88.556,0,0
308,M,104.686,106.686,104.686,-1,0
309,F,87.976,89.976,87.976,-1,0
310,F,93.226,95.226,99.226,0,-1
311,F,89.646,85.646,95.646,0,0
312,M,101.006,103.006,107.006,0,-1
313,F,96.726,92.726,102.726,0,0
314,F,96.906,98.906,96.906,-1,0
315,F,86.696,88.696,86.696,-1,0
316,F,88.293,90.293,94.293,0,-1
317,M,88.663,90.663,88.663,1,0
318,F,90.513,83.513,90.513,-1,-1
319,M,98.723,90.723,98.723,1,1
320,F,86.473,88.473,86.473,-1,0
321,M,101.853,97.853,107.853,0,0
322,F,92.353,88.353,98.353,0,0
323,M,97.923,99.923,103.923,0,-1
324,F,98.643,91.643,98.643,-1,-1
325,F,92.723,94.723,92.723,1,0
326,M,94.443,90.443,100.443,0,0
327,F,91.993,93.993,97.993,0,-1
328,F,94.543,90.543,100.543,0,0
329,F,86.933,86.933,86.933,1,-1
330,F,88.083,84.083,94.083,0,0
331,F,96.933,98.933,102.933,0,-1
332,F,101.613,97.613,107.613,0,0
333,M,94.733,96.733,100.733,0,1
334,F,87.623,79.623,87.623,1,1
335,M,96.063,98.063,96.063,-1,0
336,M,99.873,91.873,99.873,1,1
337,F,88.893,84.893,94.893,0,0
338,F,89.147,91.147,95.147,0,1
339,F,95.387,97.387,101.387,0,1
340,F,81.987,81.987,81.987,-1,1
341,F,96.007,98.007,102.007,0,1
342,M,85.867,87.867,91.867,0,-1
343,M,96.207,92.207,102.207,0,0
344,M,98.317,94.317,104.317,0,0
345,F,99.597,101.597,105.597,0,1
346,F,97.847,99.847,97.847,1,0
347,F,97.437,99.437,103.437,0,-1
348,M,102.587,104.587,102.587,-1,0
349,M,87.509,89.509,93.509,0,-1
350,M,83.129,85.129,83.129,-1,0
351,F,86.657,82.657,92.657,0,0
352,M,109.719,111.719,109.719,1,0
353,M,94.259,96.259,100.259,0,1
354,F,86.549,88.549,92.549,0,1
355,M,100.809,96.809,106.809,0,0
356,F,90.189,92.189,90.189,-1,0
357,F,84.629,80.629,90.629,0,0
358,M,83.629,83.629,83.629,1,-1
359,M,104.059,96.059,104.059,1,1
360,F,98.509,100.509,104.509,0,1
361,F,90.404,92.404,90.404,-1,0
362,M,97.214,93.214,103.214,0,0
363,M,92.494,88.494,98.494,0,0
364,F,93.374,95.374,93.374,-1,0
365,M,94.814,90.814,100.814,0,0
366,F,96.284,98.284,96.284,1,0
367,M,105.774,107.774,111.774,0,-1
368,M,105.424,107.424,111.424,0,-1
369,M,88.314,90.314,94.314,0,1
370,M,100.474,102.474,100.474,-1,0
371,M,93.375,89.375,99.375,0,0
372,F,93.695,95.695,93.695,1,0
373,M,89.655,91.655,95.655,0,1
374,F,104.805,97.805,104.805,-1,-1
375,M,91.005,93.005,97.005,0,1
376,M,91.555,87.555,97.555,0,0
377,M,90.615,92.615,96.615,0,-1
378,M,91.675,93.675,91.675,1,0
379,F,88.415,90.415,94.415,0,-1
380,,88.415,84.415,94.415,0,0
382,F,92.545,94.545,98.545,0,-1
383,F,96.063,92.063,102.063,0,0
384,F,87.773,83.773,93.773,0,0
385,F,97.583,93.583,103.583,0,0
386,F,94.313,86.313,94.313,1,1
387,M,98.703,94.703,104.703,0,0
388,M,91.673,93.673,91.673,-1,0
389,F,86.913,88.913,92.913,0,-1
390,M,103.323,95.323,103.323,1,1
391,M,93.713,95.713,99.713,0,-1
392,M,87.303,80.303,87.303,-1,-1
393,M,91.562,87.562,97.562,0,0
394,M,91.942,93.942,91.942,-1,0
395,M,96.602,98.602,96.602,-1,0
396,F,92.732,84.732,92.732,1,1
397,F,93.842,95.842,93.842,1,0
398,F,80.628,80.628,80.628,-1,1
399,M,99.188,101.188,99.188,-1,0
400,M,87.858,89.858,93.858,0,1
401,F,97.448,93.448,103.448,0,0
402,M,87.548,87.548,87.548,1,-1
403,M,97.488,93.488,103.488,0,0
404,F,83.478,79.478,89.478,0,0
405,M,92.178,88.178,98.178,0,0
406,M,90.918,92.918,96.918,0,1
407,M,89.508,91.508,89.508,-1,0
408,F,110,110,110,-1,1
409,F,93.65,95.65,99.65,0,1
410,F,89.31,89.31,89.31,1,-1
411,F,95.93,97.93,101.93,0,1
412,F,88.25,90.25,94.25,0,1
413,M,85.39,87.39,85.39,-1,0
414,M,91.52,93.52,97.52,0,1
415,M,101.03,103.03,101.03,1,0
416,M,95.06,91.06,101.06,0,0
417,F,90.63,90.63,90.63,-1,1
418,F,93.67,95.67,93.67,1,0
419,F,93.74,89.74,99.74,0,0
420,F,93.02,89.02,99.02,0,0
421,F,91.75,83.75,91.75,1,1
422,M,84.557,86.557,90.557,0,1
423,F,82.937,82.937,82.937,1,-1
424,M,31.595,27.595,37.595,0,0
425,F,95.087,97.087,95.087,-1,0
426,M,98.407,100.407,98.407,-1,0
427,F,96.667,89.667,96.667,-1,-1
428,F,91.737,93.737,91.737,-1,0
429,M,93.157,95.157,93.157,-1,0
430,F,91.537,93.537,91.537,1,0
431,M,94.797,96.797,94.797,-1,0
432,F,95.147,91.147,101.147,0,0
433,F,84.887,80.887,90.887,0,0
434,,83.488,85.488,89.488,0,1
435,M,89.486,82.486,89.486,-1,-1
436,M,92.033,94.033,92.033,-1,0
437,M,87.173,89.173,87.173,1,0
438,M,97.169,99.169,97.169,-1,0
439,M,102.563,94.563,102.563,1,1
440,M,95.203,97.203,101.203,0,1
441,,93.598,93.598,93.598,-1,1
442,M,100.573,93.573,100.573,-1,-1
443,M,88.163,81.163,88.163,-1,-1
444,F,89.473,91.473,95.473,0,-1
445,M,89.883,91.883,95.883,0,-1
446,M,87.923,89.923,87.923,1,0
447,M,89.088,85.088,95.088,0,0
448,M,103.478,96.478,103.478,-1,-1
449,M,90.268,90.268,90.268,1,-1
450,M,94.688,90.688,100.688,0,0
451,M,93.158,95.158,93.158,-1,0
452,M,102.608,95.608,102.608,-1,-1
453,,97.587,93.587,103.587,0,0
454,F,78.328,74.328,84.328,0,0
455,M,91.148,93.148,97.148,0,1
456,F,85.368,87.368,91.368,0,-1
457,F,81.966,83.966,81.966,1,0
458,F,85.826,87.826,91.826,0,-1
459,M,94.356,90.356,100.356,0,0
460,F,89.686,91.686,95.686,0,-1
461,M,93.456,89.456,99.456,0,0
462,F,92.056,85.056,92.056,-1,-1
463,F,102.566,94.566,102.566,1,1
464,F,83.236,83.236,83.236,1,-1
465,M,98.956,100.956,104.956,0,1
466,F,93.466,95.466,93.466,-1,0
467,M,91.696,93.696,91.696,1,0
468,F,91.306,93.306,97.306,0,-1
469,M,94.273,90.273,100.273,0,0
470,F,83.943,83.943,83.943,-1,1
471,M,101.993,103.993,107.993,0,-1
472,M,83.773,83.773,83.773,1,-1
473,M,97.723,89.723,97.723,1,1
474,,95.157,97.157,95.157,-1,0
475,M,96.173,92.173,102.173,0,0
476,,96.173,92.173,102.173,0,0
478,M,93.833,93.833,93.833,1,-1
479,F,90.35,86.35,96.35,0,0
480,M,100.46,102.46,100.46,1,0
481,F,88.24,90.24,88.24,1,0
482,F,85.59,85.59,85.59,-1,1
483,M,100.28,93.28,100.28,-1,-1
484,M,96.38,98.38,96.38,-1,0
485,M,94.82,90.82,100.82,0,0
486,M,97.31,97.31,97.31,-1,1
487,F,97.09,99.09,97.09,1,0
488,M,97.47,99.47,103.47,0,-1
489,M,96.97,96.97,96.97,-1,1
490,M,87.08,89.08,93.08,0,1
491,F,94.55,96.55,100.55,0,-1
860,F,94.333,96.333,100.333,0,-1
861,F,93.643,95.643,99.643,0,-1
862,M,99.133,92.133,99.133,-1,-1
863,M,99.463,95.463,105.463,0,0
864,F,96.583,98.583,102.583,0,-1
865,F,85.923,81.923,91.923,0,0
866,M,100.003,100.003,100.003,-1,1
867,F,90.473,86.473,96.473,0,0
868,M,89.433,91.433,95.433,0,-1
871,M,95.123,91.123,101.123,0,0
1037,M,95.336,97.336,101.336,0,1
1038,M,90.267,92.267,90.267,-1,0
1039,F,83.137,79.137,89.137,0,0
1040,M,101.337,103.337,107.337,0,1
1041,M,85.197,87.197,91.197,0,-1
1042,M,96.007,98.007,96.007,-1,0
1043,M,78.367,80.367,84.367,0,-1
1044,M,98.227,94.227,104.227,0,0
1045,F,93.397,89.397,99.397,0,0
1046,M,96.487,92.487,102.487,0,0
1047,M,91.927,93.927,91.927,1,0
1141,F,96.018,92.018,102.018,0,0
1142,F,90.828,92.828,90.828,1,0
1143,F,92.838,88.838,98.838,0,0
1144,F,82.068,82.068,82.068,-1,1
1145,M,94.338,94.338,94.338,1,-1
1146,M,95.338,91.338,101.338,0,0
1147,M,90.018,92.018,90.018,1,0
1148,M,94.658,96.658,94.658,-1,0
1149,M,103.038,105.038,109.038,0,1
1150,F,88.538,90.538,94.538,0,1
1151,M,93.848,95.848,93.848,-1,0
1152,M,94.698,96.698,94.698,-1,0
1153,M,98.348,91.348,98.348,-1,-1
1154,F,91.398,93.398,97.398,0,-1
1164,F,93.751,89.751,99.751,0,0
1165,M,103.471,99.471,109.471,0,0
1166,M,96.211,92.211,102.211,0,0
1167,M,108.491,110.491,114.491,0,1
1168,M,99.921,101.921,105.921,0,1
1169,M,88.791,90.791,88.791,1,0
1171,F,91.671,93.671,97.671,0,1
1172,M,87.861,87.861,87.861,-1,1
1173,F,94.141,96.141,94.141,-1,0
1174,M,98.256,100.256,104.256,0,1
1175,F,85.703,78.703,85.703,-1,-1
1176,F,79.413,75.413,85.413,0,0
1177,M,98.023,100.023,98.023,-1,0
1178,M,92.675,94.675,92.675,1,0
1179,F,84.835,86.835,84.835,1,0
1180,M,89.675,85.675,95.675,0,0
1181,F,89.285,91.285,89.285,1,0
1182,M,90.755,83.755,90.755,-1,-1
1183,F,109.635,102.635,109.635,-1,-1
1184,F,94.075,96.075,100.075,0,1
1185,M,90.085,90.085,90.085,1,-1
1186,F,98.565,100.565,104.565,0,1
1187,M,85.615,87.615,91.615,0,-1
1188,M,97.355,89.355,97.355,1,1
1189,F,89.495,85.495,95.495,0,0
1190,F,96.703,98.703,96.703,-1,0
1191,M,96.813,98.813,102.813,0,-1
1192,M,93.873,86.873,93.873,-1,-1
1193,F,90.663,90.663,90.663,1,-1
1194,M,97.223,99.223,97.223,-1,0
1295,M,94.128,90.128,100.128,0,0
1296,F,89.078,89.078,89.078,1,-1
1297,M,96.698,98.698,96.698,-1,0
1298,F,92.958,94.958,92.958,-1,0
1299,F,90.35,92.35,96.35,0,-1
1300,F,86.21,88.21,86.21,1,0
1301,F,101.25,93.25,101.25,1,1
1302,M,90.584,92.584,96.584,0,-1
1437,F,86.28,88.28,86.28,1,0
1438,F,98.96,100.96,104.96,0,1
1439,F,89.6,85.6,95.6,0,0
1440,M,96.32,98.32,102.32,0,-1
1441,M,101.05,93.05,101.05,1,1
1442,F,89.05,82.05,89.05,-1,-1
1443,M,97.306,93.306,103.306,0,0
1445,M,97.196,99.196,97.196,1,0
1446,M,98.426,94.426,104.426,0,0
1447,F,82.736,78.736,88.736,0,0
1448,M,104.126,96.126,104.126,1,1
1449,F,108.106,101.106,108.106,-1,-1
1451,M,88.666,90.666,94.666,0,-1
1452,M,106.176,108.176,112.176,0,1
1453,F,87.186,89.186,93.186,0,-1
1454,M,94.156,90.156,100.156,0,0
1455,F,88.106,90.106,88.106,-1,0
1456,F,97.268,99.268,97.268,1,0
1457,M,100.938,96.938,106.938,0,0
1458,F,88.328,90.328,88.328,-1,0
