ID,Sex,Sire,Dam,LSB,LSW,trait1,trait2,trait3,G1,G2,G3,G4,G5,G6,G7,G8,G9,G10,G11,G12,G13,G14,G15,G16,G17,G18,G19,G20,G21,G22,G23,G24,G25,G26,G27,G28,G29,G30,G31,Trait2a,Trait3a
55,M,0,13,9,9,2.7840077572,84.136,30.702,1,1,0,0,0,0,0,0,0,0,0,0,1,0,0,0,0,0,0,0,0,0,0,0,0,0,0,0,0,0,0,87.08466,30.702
56,M,0,13,9,9,2.9961461547,91.376,37.442,-1,-1,-1,-1,-1,-1,-1,-1,-1,-1,-1,-1,-1,-1,-1,-1,-1,-1,-1,-1,-1,-1,0,0,0,0,-1,-1,-1,0,1,89.29098,34.34656
57,M,0,13,9,9,4.4964273696,97.516,44.382,0,0,0,0,0,0,0,0,0,0,0,0,0,0,0,0,0,0,0,0,0,0,0,0,1,1,1,0,0,0,0,100.46466,44.382
58,F,0,13,9,9,4.1677393254,86.236,27.362,0,0,0,0,0,0,0,0,0,-1,-1,-1,-1,-1,-1,-1,-1,-1,-1,-1,-1,-1,-1,-1,-1,-1,-1,-1,-1,-1,-1,84.15098,25.81428
59,M,0,13,9,9,8.3322971436,90.316,47.872,-1,-1,-1,-1,-1,-1,-1,-1,-1,-1,-1,-1,-1,-1,-1,-1,-1,-1,-1,-1,-1,-1,-1,-1,-1,-1,-1,-1,-1,0,0,88.23098,44.77656
60,F,0,13,9,9,6.0586791087,74.856,31.912,1,1,1,1,1,0,0,0,0,0,0,0,0,0,0,0,0,0,0,0,0,0,0,0,0,0,0,0,0,0,0,77.80466,31.912
61,F,0,13,9,9,5.2987302442,91.926,34.582,-1,-1,-1,-1,-1,-1,-1,-1,-1,-1,-1,-1,-1,-1,-1,-1,-1,-1,-1,-1,-1,-1,-1,-1,-1,-1,-1,-1,-1,-1,-1,89.84098,31.48656
62,M,0,13,9,9,5.064531378,95.696,45.092,1,1,1,1,1,0,0,0,0,0,0,0,0,0,0,0,0,0,0,0,0,0,0,0,0,0,0,-1,-1,-1,-1,98.64466,45.092
63,F,0,13,9,9,4.7603124822,86.126,25.982,0,0,0,0,0,0,0,0,0,0,0,0,0,0,0,0,0,0,0,0,0,0,0,0,0,0,0,0,0,0,0,89.07466,25.982
64,F,0,13,11,11,1.0888584125,91.126,32.162,1,1,1,1,1,1,1,0,0,0,0,0,0,0,0,0,0,0,0,0,0,0,0,0,0,0,0,0,0,0,0,94.07466,32.162
65,F,0,13,11,11,1.1838770775,97.186,28.232,0,0,0,0,0,1,1,1,1,1,0,0,0,0,0,0,0,0,0,0,0,0,1,1,1,0,0,0,0,0,0,100.13466,29.77972
66,F,0,13,11,11,0.7492970461,93.536,37.602,0,0,0,0,0,1,1,1,1,1,1,1,1,1,1,1,1,1,1,1,1,1,1,1,1,1,1,1,1,1,1,95.62102,40.69744
67,F,0,13,11,11,0.7780688244,97.186,31.422,1,1,1,1,1,1,1,1,1,1,1,1,1,1,1,1,1,1,1,1,1,1,1,1,1,1,1,1,1,1,1,99.27102,34.51744
69,M,0,13,11,11,1.6001284143,97.476,36.482,-1,-1,-1,-1,-1,0,0,0,0,0,0,0,0,0,0,0,0,0,0,0,1,1,1,1,1,1,1,1,1,1,1,100.42466,36.482
70,F,0,13,11,11,1.4331547355,97.166,31.212,1,1,1,1,1,1,1,1,1,1,1,1,1,1,1,1,1,1,1,1,1,1,0,0,-1,-1,-1,-1,-1,-1,-1,99.25102,34.30744
71,M,0,13,11,11,3.8746510457,100.406,41.802,0,0,1,1,1,1,0,0,0,0,0,0,0,0,0,0,0,0,0,0,0,0,0,0,0,0,0,0,0,0,0,103.35466,41.802
72,M,0,13,11,11,2.9011491011,90.076,35.232,0,0,0,0,0,0,0,0,0,0,0,0,0,0,0,0,-1,-1,-1,-1,-1,-1,-1,-1,-1,-1,-1,-1,-1,-1,-1,93.02466,33.68428
73,M,0,13,11,11,3.0200725109,98.55,41.972,0,0,0,0,0,0,0,0,0,0,0,0,1,1,1,1,1,1,1,1,1,1,0,0,0,0,0,0,0,1,1,100.63502,43.51972
74,M,0,13,11,11,2.2471588937,103.306,39.032,-1,-1,-1,-1,-1,-1,-1,-1,-1,-1,0,0,0,0,0,0,0,0,0,0,0,0,0,0,0,0,0,0,0,0,0,106.25466,37.48428
82,M,15,10,9,2,4.3885895256,88.168,39.69,0,0,0,0,0,0,1,1,1,1,0,0,0,0,0,0,0,0,0,0,0,0,0,0,0,0,0,0,0,0,0,91.11666,41.23772
83,M,15,10,9,2,4.5828356935,93.558,46.96,0,0,0,0,0,0,1,1,1,1,1,1,1,1,1,1,1,1,1,1,1,1,1,0,0,0,0,0,0,0,0,95.64302,50.05544
84,M,16,12,7,5,5.2427526753,86.053,43.94,-1,-1,-1,-1,-1,-1,-1,-1,-1,-1,-1,-1,-1,-1,-1,-1,-1,-1,-1,-1,-1,-1,-1,-1,-1,-1,-1,-1,-1,-1,-1,83.96798,40.84456
85,M,16,12,7,5,1.6977470718,83.253,33.89,0,0,0,0,0,0,0,0,0,0,0,0,0,0,0,0,0,0,0,0,0,0,0,0,0,0,0,0,0,0,0,86.20166,33.89
86,M,16,12,7,5,7.2132029217,96.193,47.84,1,1,1,1,1,0,0,0,0,0,0,0,0,0,0,0,0,0,0,0,0,0,0,0,0,0,0,0,0,0,0,99.14166,47.84
87,M,16,12,7,5,1.7171386182,86.183,34.86,0,0,0,0,0,0,0,0,0,0,0,0,0,0,0,0,0,0,0,0,0,0,0,0,0,0,0,0,0,1,1,89.13166,34.86
90,M,16,12,7,5,5.2721870552,92.243,47.6,1,1,1,1,1,0,0,0,0,0,0,0,0,0,0,0,0,0,0,0,0,0,0,0,0,0,-1,-1,-1,-1,-1,95.19166,47.6
91,F,4,17,12,12,2.0840940492,77.051,30.942,0,0,0,0,0,0,0,0,0,0,1,1,1,0,1,1,1,1,1,1,1,1,1,1,1,1,1,1,1,1,1,79.13602,32.48972
92,M,4,17,12,12,2.4946120177,92.851,30.812,0,0,0,0,0,1,1,1,1,1,1,1,1,1,1,1,1,1,1,1,1,1,1,1,1,1,1,1,1,1,1,94.93602,33.90744
93,M,4,17,12,12,3.6485069589,97.441,40.372,0,0,0,0,0,0,0,0,0,0,0,0,0,0,0,0,0,0,0,0,0,0,0,0,0,0,0,0,0,0,0,100.38966,40.372
94,M,4,17,12,12,5.6060066164,84.361,46.422,0,0,0,0,0,0,0,0,0,0,-1,-1,-1,-1,0,0,0,0,0,0,0,0,0,0,0,0,-1,-1,-1,-1,-1,87.30966,46.422
96,M,4,17,12,12,3.0033166457,88.601,40.002,-1,-1,-1,-1,-1,-1,0,0,0,0,0,0,0,0,0,0,0,0,0,0,0,0,0,0,0,0,0,0,0,0,0,91.54966,40.002
97,F,4,17,12,12,0.9952342232,90.881,34.852,-1,0,-1,-1,-1,-1,0,0,0,0,-1,-1,-1,-1,-1,-1,0,1,1,1,1,1,1,1,1,0,1,1,1,1,1,88.79598,36.39972
98,M,4,17,12,12,1.7210267273,98.351,40.802,0,0,0,1,1,1,0,0,0,0,0,0,0,0,0,0,0,0,0,0,0,0,0,0,0,-1,-1,-1,-1,1,0,101.29966,40.802
100,M,4,17,12,12,3.0512822184,97.881,34.222,0,0,0,0,0,0,0,0,0,0,0,0,0,0,0,0,0,0,0,0,0,0,0,0,0,0,0,0,0,0,0,100.82966,34.222
101,F,4,17,12,12,3.6485069589,98.241,35.092,1,1,1,1,1,1,1,1,1,1,0,0,0,0,0,0,0,0,0,0,0,0,0,0,0,0,0,0,0,0,0,101.18966,36.63972
102,F,4,17,12,12,3.070547314,68.161,25.182,1,1,1,1,1,1,1,1,1,1,1,1,1,1,1,0,0,0,0,0,0,0,0,0,0,0,0,0,0,0,0,71.10966,26.72972
103,F,4,17,12,12,2.7445890181,88.581,28.562,-1,-1,-1,-1,-1,-1,-1,-1,-1,-1,-1,-1,-1,-1,-1,-1,-1,-1,-1,-1,-1,-1,-1,-1,-1,-1,0,0,0,1,1,86.49598,25.46656
104,F,33,11,10,8,0.630236484,95.873,31.853,0,1,1,0,0,0,0,0,0,0,0,0,0,0,0,0,0,0,0,0,0,1,1,1,1,1,1,1,1,1,1,98.82166,31.853
105,F,33,11,10,8,1.8212705418,86.453,34.55,0,0,0,0,0,0,0,0,0,0,0,0,0,0,0,0,1,1,1,1,1,1,1,1,1,1,1,1,1,-1,-1,89.40166,36.09772
106,M,33,11,10,8,3.3474357067,102.803,43.603,0,0,0,0,0,0,0,0,0,0,0,0,0,0,0,0,0,0,0,0,0,0,0,0,0,0,0,0,-1,-1,-1,105.75166,43.603
107,M,33,11,10,8,1.7035559533,97.373,34.723,-1,-1,-1,-1,0,0,0,0,0,0,0,0,0,0,0,0,0,0,0,0,0,0,0,0,0,0,1,1,1,1,1,100.32166,34.723
108,M,33,11,10,8,1.7229720054,96.083,32.813,0,0,0,0,0,0,0,0,0,0,0,0,0,0,0,0,0,0,0,0,0,0,0,0,0,0,0,0,-1,-1,-1,99.03166,32.813
111,F,33,11,10,8,1.7424695885,89.383,29.213,1,1,1,1,1,1,1,1,1,1,1,1,1,1,1,1,1,1,1,1,1,1,1,1,1,1,0,0,0,0,0,91.46802,32.30844
112,F,33,11,10,8,1.8073871314,94.023,31.123,1,1,1,1,1,1,1,1,1,0,0,0,0,0,0,0,0,0,0,0,0,0,0,0,0,0,0,0,0,0,0,96.97166,32.67072
113,F,33,11,10,8,3.4224274599,89.973,30.543,0,0,0,0,0,0,0,0,0,0,1,1,1,1,1,1,1,1,1,1,1,1,1,1,1,1,1,1,1,1,1,92.05802,32.09072
114,F,19,8,11,11,4.0362027905,91.429,32.65,0,0,0,0,0,0,0,0,0,-1,-1,-1,-1,-1,-1,-1,-1,-1,-1,-1,-1,0,0,0,0,0,1,1,1,1,1,89.34398,31.10228
115,M,19,8,11,11,3.0464729776,87.549,36.63,0,0,0,0,0,0,0,0,0,0,0,0,0,0,0,0,0,0,0,0,0,0,0,0,0,0,0,0,0,0,0,90.49766,36.63
116,F,19,8,11,11,4.5325888036,75.589,32.28,1,1,1,1,1,0,0,0,0,0,0,0,0,0,-1,-1,-1,-1,-1,-1,-1,-1,-1,-1,-1,-1,-1,-1,-1,-1,-1,73.50398,30.73228
117,F,19,8,11,11,6.5625747789,94.629,36.36,-1,-1,-1,-1,-1,-1,-1,-1,-1,-1,-1,-1,-1,-1,-1,-1,-1,-1,-1,-1,-1,-1,-1,-1,-1,-1,-1,0,-1,-1,-1,92.54398,33.26456
118,M,19,8,11,11,2.7631130293,97.079,38.77,0,0,0,0,0,0,0,0,0,0,0,0,0,0,0,0,0,0,0,0,0,0,0,0,1,1,1,1,0,0,0,100.02766,38.77
120,M,19,8,11,11,2.1428625623,89.569,33.41,1,1,1,1,1,1,1,1,1,0,0,0,0,0,0,0,0,0,0,0,0,0,0,0,0,0,0,0,0,0,0,92.51766,34.95772
121,F,19,8,11,11,2.3140877697,103.389,30.45,0,0,0,0,0,0,0,0,0,0,0,0,0,0,0,0,0,0,0,0,0,0,0,0,0,0,0,0,0,-1,-1,106.33766,30.45
122,M,19,8,11,11,3.4651958984,96.529,39.53,0,0,0,0,0,0,0,0,0,0,0,0,0,0,0,0,0,0,0,0,0,0,0,0,-1,-1,-1,-1,-1,-1,-1,99.47766,39.53
123,M,19,8,11,11,3.7987094977,95.369,42.82,0,0,0,0,0,0,0,0,1,1,1,1,0,0,0,0,0,0,0,0,0,0,0,0,0,0,0,0,0,0,0,98.31766,42.82
124,F,19,8,11,11,1.8751890629,88.339,24.98,1,1,1,1,1,1,0,0,0,0,-1,-1,-1,-1,-1,-1,-1,-1,-1,-1,-1,-1,-1,-1,-1,-1,-1,-1,-1,-1,-1,86.25398,23.43228
125,M,19,8,11,11,5.0965004538,93.339,44.11,0,0,0,0,0,0,0,0,0,0,0,0,0,0,0,0,0,0,0,0,0,0,0,0,0,0,0,0,0,0,0,96.28766,44.11
126,M,22,9,13,13,13.9189012455,101.05,58.242,0,0,0,0,0,0,0,0,0,0,0,0,1,1,1,1,1,1,1,1,1,1,1,1,0,1,1,1,1,1,1,103.13502,59.78972
127,M,22,9,13,13,6.4796777417,93.03,49.922,-1,-1,-1,-1,-1,-1,-1,-1,-1,-1,-1,-1,-1,-1,-1,-1,-1,-1,-1,-1,-1,-1,-1,-1,-1,-1,0,0,0,0,0,90.94498,46.82656
128,F,22,9,13,13,3.5005647457,92.13,31.392,0,0,0,0,0,0,0,0,0,0,0,0,0,0,0,0,0,0,0,0,0,0,0,0,0,-1,0,0,0,0,0,95.07866,31.392
129,F,22,9,13,13,2.2902554147,88.9,27.902,0,0,0,0,0,0,0,0,0,0,0,0,0,0,0,0,0,0,0,0,0,0,0,0,0,0,0,0,0,0,1,91.84866,27.902
130,F,22,9,13,13,1.0954298638,88.75,30.512,-1,-1,-1,-1,-1,-1,-1,-1,-1,-1,-1,-1,-1,-1,-1,-1,-1,-1,-1,-1,-1,-1,-1,-1,-1,-1,-1,-1,-1,-1,-1,86.66498,27.41656
131,M,22,9,13,13,1.4059937079,93.04,29.522,0,0,0,0,0,1,1,1,1,1,1,1,1,1,1,1,1,1,1,1,1,1,1,1,0,0,0,0,0,0,0,95.12502,32.61744
132,F,22,9,13,13,2.6344196039,98.27,32.702,0,-1,-1,-1,-1,-1,-1,-1,-1,-1,-1,-1,-1,-1,-1,-1,-1,-1,0,0,0,0,0,0,0,0,0,0,0,0,0,96.18498,31.15428
133,F,22,9,13,13,5.8858651081,84.6,38.932,0,0,0,0,0,1,1,1,1,1,1,1,1,1,1,1,1,1,1,1,1,1,1,1,1,1,1,1,1,0,0,86.68502,42.02744
134,F,22,9,13,13,6.9306381514,93.73,38.102,1,1,1,1,1,1,1,1,1,0,0,0,0,-1,-1,-1,-1,-1,-1,-1,-1,-1,-1,-1,-1,-1,-1,0,0,0,0,91.64498,38.102
135,F,22,9,13,13,1.8631567604,90.47,27.292,0,0,0,0,0,0,1,1,1,1,1,1,1,1,1,1,1,1,1,1,1,1,1,1,1,1,0,1,1,1,1,92.55502,30.38744
136,M,22,9,13,13,2.3227767613,101.86,40.262,-1,-1,-1,-1,-1,-1,-1,-1,-1,-1,-1,-1,-1,-1,-1,-1,-1,-1,-1,-1,-1,-1,-1,-1,-1,-1,0,0,-1,0,0,99.77498,37.16656
137,F,22,9,13,13,2.5102548311,75.41,31.752,0,0,0,0,0,0,0,0,0,0,0,0,0,0,0,0,0,0,0,0,0,1,1,1,0,0,0,0,0,0,-1,78.35866,31.752
138,F,22,9,13,13,1.8212705418,89.24,29.692,0,0,0,0,0,0,-1,-1,-1,-1,0,0,0,0,0,0,0,0,0,0,0,0,-1,-1,-1,-1,0,0,0,0,0,92.18866,28.14428
139,M,25,35,8,8,3.9458554436,86.903,37.44,0,0,0,0,0,0,0,0,0,0,0,0,0,-1,-1,-1,-1,-1,-1,-1,-1,-1,-1,-1,-1,-1,-1,-1,-1,-1,-1,84.81798,35.89228
140,M,25,35,8,8,2.436828539,84.293,31.84,1,1,1,1,1,1,1,1,1,1,1,1,1,1,1,1,1,1,1,1,1,1,1,1,1,1,1,1,1,0,0,86.37802,34.93544
141,F,25,35,8,8,4.1058027812,83.703,30.12,0,0,0,0,0,-1,-1,-1,-1,-1,-1,-1,-1,-1,-1,-1,-1,-1,-1,-1,-1,-1,-1,-1,-1,-1,-1,-1,-1,-1,-1,81.61798,27.02456
142,M,25,35,8,8,5.2016473678,84.943,46.71,0,0,0,0,0,0,0,0,0,0,0,0,0,0,0,0,0,0,0,-1,-1,-1,-1,-1,-1,-1,-1,-1,-1,-1,-1,87.89166,45.16228
143,M,25,35,8,8,1.5009724647,90.753,36.62,0,0,0,0,0,0,-1,-1,-1,-1,-1,-1,-1,0,0,0,0,0,0,0,0,0,0,0,0,0,0,0,0,0,0,93.70166,35.07228
144,M,25,35,8,8,2.8002995616,95.123,38.28,1,1,1,1,1,1,0,0,0,0,0,0,0,0,0,0,0,0,0,0,0,0,0,0,0,0,0,0,0,1,1,98.07166,38.28
145,M,25,35,8,8,3.6330973665,96.473,37.78,1,1,1,1,1,1,1,1,1,1,1,1,-1,-1,-1,-1,-1,-1,-1,-1,-1,-1,-1,-1,-1,-1,-1,-1,-1,-1,-1,94.38798,37.78
146,M,25,35,8,8,3.4048742681,106.083,41.68,-1,-1,-1,-1,-1,-1,-1,-1,-1,-1,-1,0,0,0,0,0,0,0,0,0,0,0,0,0,1,1,1,1,1,1,1,109.03166,40.13228
148,F,3,6,10,10,6.5466026824,92.626,36.132,1,1,1,0,0,0,0,0,0,0,0,0,0,0,0,0,0,0,0,0,0,0,0,0,0,0,0,-1,-1,-1,-1,95.57466,36.132
150,M,3,6,10,10,7.4730886169,99.996,50.362,1,1,1,1,1,1,1,1,1,1,1,1,1,0,0,0,0,0,0,0,0,0,0,0,0,0,0,0,0,0,0,102.94466,51.90972
151,F,3,6,10,10,8.3288054931,92.866,41.162,0,0,0,0,1,1,1,1,1,1,1,1,1,1,1,1,1,1,1,1,1,0,0,0,0,1,1,1,1,1,1,94.95102,44.25744
152,F,3,6,10,10,5.6967085882,88.446,28.732,0,0,0,0,0,0,0,0,0,0,0,0,0,0,0,0,0,0,0,0,0,0,0,0,0,-1,-1,-1,-1,-1,-1,91.39466,28.732
153,F,3,6,10,10,8.8585894644,93.076,38.302,0,0,0,0,0,0,0,0,0,0,0,0,0,0,0,0,0,0,0,0,0,-1,-1,-1,-1,0,0,0,0,0,0,96.02466,38.302
154,M,3,6,10,10,5.2075122022,88.056,37.072,-1,-1,-1,-1,-1,-1,-1,-1,-1,-1,-1,-1,-1,-1,-1,0,0,0,0,0,0,0,-1,-1,-1,-1,-1,-1,-1,0,0,91.00466,35.52428
155,F,3,6,10,10,0.9574132114,82.576,28.872,-1,-1,-1,-1,-1,0,0,0,0,0,0,0,0,0,0,0,0,0,0,0,0,0,0,0,0,0,0,0,0,0,0,85.52466,28.872
156,F,3,6,10,10,5.0616288011,98.496,34.882,0,0,0,0,0,0,0,0,0,0,0,0,0,0,0,0,0,0,0,0,0,0,0,0,0,1,1,1,1,1,1,101.44466,34.882
158,M,3,6,10,10,4.05757113,87.826,39.032,-1,-1,-1,-1,-1,-1,-1,-1,-1,-1,-1,-1,-1,-1,-1,-1,-1,-1,-1,-1,-1,-1,-1,-1,-1,-1,-1,-1,-1,-1,0,85.74098,35.93656
159,M,18,26,6,6,4.3501158662,97.017,43.657,-1,-1,0,0,0,0,0,0,0,0,0,0,0,0,1,1,1,1,1,1,1,1,1,1,1,1,1,1,1,1,1,99.10202,45.20472
160,M,18,26,6,6,4.5158855555,91.587,45.497,-1,-1,-1,-1,-1,-1,0,0,0,0,0,0,0,-1,-1,-1,-1,-1,-1,-1,-1,-1,-1,-1,-1,-1,0,0,0,0,0,89.50198,43.94928
161,M,18,26,6,6,9.8349585491,95.577,50.637,0,0,0,0,0,0,0,0,0,0,0,0,0,0,0,0,1,1,1,1,1,1,1,1,1,1,1,1,1,1,1,98.52566,52.18472
162,F,18,26,6,6,1.5568095248,80.287,35.197,0,0,0,0,0,0,0,0,0,1,1,1,0,0,0,0,0,0,0,0,0,0,0,0,0,0,0,0,0,0,0,83.23566,35.197
163,F,18,26,6,6,16.0541142543,89.807,48.867,0,0,0,0,0,0,0,0,0,0,0,0,0,0,0,0,0,0,0,0,0,0,0,0,0,0,0,0,0,0,0,92.75566,48.867
165,M,18,26,6,6,1.6900133555,91.337,34.407,0,0,0,0,0,0,0,0,0,0,0,0,0,0,0,0,0,0,0,0,0,0,0,0,-1,-1,-1,-1,-1,-1,-1,94.28566,34.407
166,M,23,36,10,10,1.8771972399,92.988,38.974,-1,-1,-1,-1,-1,-1,-1,-1,-1,-1,-1,-1,-1,-1,-1,-1,-1,-1,-1,-1,-1,-1,0,0,0,0,0,0,0,1,1,90.90298,35.87856
167,F,23,36,10,10,2.9295288983,91.248,30.314,1,1,1,1,1,1,1,1,1,1,1,1,1,1,1,1,1,1,1,1,1,1,1,1,1,1,1,1,1,0,0,93.33302,33.40944
168,F,23,36,10,10,1.1235218203,85.838,30.254,1,1,1,1,1,1,1,1,1,1,1,1,1,1,1,1,1,1,0,0,0,0,0,0,0,-1,-1,-1,-1,0,0,87.92302,31.80172
169,M,23,36,10,10,4.038871543,95.338,41.164,1,1,1,1,1,1,1,1,1,1,1,1,1,1,1,1,1,1,1,1,1,1,1,1,1,1,0,0,0,0,0,97.42302,44.25944
170,M,23,36,10,10,4.5576865541,88.588,45.094,1,1,1,1,1,1,1,1,1,1,1,1,1,1,1,1,1,1,1,1,1,1,1,1,1,1,1,1,1,0,0,90.67302,48.18944
171,M,23,36,10,10,4.200190467,92.598,41.044,0,0,0,0,0,0,0,0,0,0,0,0,0,0,0,0,0,0,0,0,0,0,0,0,-1,-1,-1,-1,0,0,0,95.54666,41.044
172,F,23,36,10,10,1.9786183522,93.198,29.784,1,1,1,1,1,1,1,1,1,1,1,1,1,1,1,1,1,1,1,1,1,1,1,1,1,1,0,0,0,0,0,95.28302,32.87944
173,F,23,36,10,10,3.1213318988,98.598,32.784,0,0,0,0,0,0,-1,-1,-1,-1,-1,-1,-1,-1,-1,-1,-1,-1,-1,-1,-1,-1,-1,-1,-1,-1,-1,-1,0,0,0,96.51298,29.68856
174,F,23,36,10,10,11.4595628119,86.688,41.064,-1,-1,-1,-1,-1,-1,1,1,1,1,1,1,1,1,1,1,1,1,1,1,1,0,0,0,0,0,0,0,1,1,1,88.77302,44.15944
175,F,23,36,10,10,0.9936475089,83.858,27.424,-1,-1,-1,-1,-1,-1,-1,-1,-1,-1,-1,-1,-1,-1,-1,-1,-1,-1,-1,0,0,0,0,0,0,0,1,1,1,0,0,81.77298,25.87628
176,F,14,1,8,8,5.6906449943,91.564,35.204,0,0,0,0,0,0,0,0,0,-1,-1,-1,-1,-1,-1,-1,-1,-1,-1,-1,-1,-1,-1,-1,-1,-1,-1,-1,-1,-1,-1,89.47898,33.65628
177,M,14,1,8,8,1.4898960645,98.204,40.184,0,0,0,0,0,0,0,0,1,1,0,0,0,0,0,0,0,0,0,0,0,0,0,0,0,0,1,1,1,1,1,101.15266,40.184
178,F,14,1,8,8,2.6480990718,89.244,29.094,0,0,0,0,0,0,0,0,0,1,1,1,1,1,1,1,1,1,1,1,1,1,1,1,1,1,1,1,1,0,0,91.32902,30.64172
179,F,14,1,8,8,2.7053792481,82.944,28.734,0,0,0,0,0,0,0,0,0,0,0,0,1,1,1,1,1,1,1,1,1,1,1,1,1,0,0,0,0,0,0,85.02902,30.28172
180,F,14,1,8,8,5.996746878,83.944,35.674,0,0,0,0,0,0,0,0,0,0,0,0,0,0,0,0,0,0,1,1,1,1,1,1,1,1,1,1,1,1,1,86.89266,37.22172
181,F,14,1,8,8,2.0032530867,94.534,29.754,-1,-1,-1,-1,-1,-1,0,0,0,0,0,0,0,0,0,0,0,0,0,0,0,0,0,0,0,0,0,0,0,0,0,97.48266,29.754
182,F,14,1,8,8,2.6938868448,78.974,24.984,-1,-1,-1,0,0,0,0,0,0,0,0,0,0,0,0,0,0,0,0,0,0,0,0,0,0,0,0,0,0,-1,-1,81.92266,24.984
183,M,14,1,8,8,4.2245900633,81.674,31.694,0,0,0,0,0,1,1,1,1,1,1,1,1,1,1,1,1,1,1,0,-1,-1,-1,-1,-1,-1,-1,-1,-1,-1,-1,83.75902,33.24172
184,F,5,28,12,12,2.9722904893,98.048,37.245,0,0,0,0,0,0,0,0,0,1,1,1,1,1,1,1,1,1,1,1,1,1,1,1,1,1,1,1,1,1,1,100.13302,38.79272
185,M,5,28,12,12,4.7887130124,96.808,44.845,0,0,0,0,0,0,0,0,0,1,1,1,1,1,1,1,1,1,1,1,0,0,1,1,1,1,1,1,1,1,0,98.89302,46.39272
186,M,5,28,12,12,5.1343782397,96.578,49.785,0,0,0,0,0,0,0,0,0,0,0,0,0,0,0,0,0,0,0,0,0,0,0,0,0,0,0,0,0,0,0,99.52666,49.785
187,F,5,28,12,12,1.8411722829,82.488,36.335,-1,-1,0,0,0,0,0,0,0,0,0,0,0,0,0,0,0,0,0,-1,-1,-1,-1,-1,-1,-1,-1,0,0,0,0,85.43666,34.78728
188,M,5,28,12,12,2.1071093402,92.228,36.795,-1,-1,-1,-1,-1,-1,0,0,0,0,0,0,0,1,1,1,1,1,1,1,1,1,1,1,1,1,1,1,1,1,1,94.31302,38.34272
189,F,5,28,12,12,2.7700714478,95.018,33.115,-1,0,0,0,0,0,0,0,0,1,1,1,1,1,1,1,1,1,1,1,1,1,1,1,1,1,1,1,1,0,0,97.10302,34.66272
190,F,5,28,12,12,1.4222671874,94.358,41.275,0,0,0,0,0,0,0,0,0,0,0,0,0,0,0,0,0,0,0,0,0,0,0,0,0,0,0,0,0,0,0,97.30666,41.275
191,F,5,28,12,12,2.2257247404,93.608,30.315,0,0,0,0,0,0,0,0,0,0,0,0,0,-1,-1,-1,-1,-1,-1,-1,-1,-1,-1,-1,-1,-1,-1,-1,-1,-1,-1,91.52298,28.76728
192,F,5,28,12,12,1.8172998311,80.878,23.605,0,0,0,0,0,0,0,0,0,0,0,0,0,0,0,0,0,0,0,0,0,0,0,0,0,0,0,0,0,-1,-1,83.82666,23.605
193,F,5,28,12,12,1.5887853272,86.908,27.125,1,1,1,1,1,1,0,0,0,0,0,0,0,0,0,0,0,0,0,-1,-1,-1,-1,-1,-1,-1,-1,-1,-1,-1,-1,89.85666,25.57728
194,M,5,28,12,12,4.5632708133,94.098,35.125,0,0,0,0,0,0,0,0,0,0,0,0,0,0,0,0,0,0,0,0,0,0,0,0,0,0,0,0,0,0,0,97.04666,35.125
195,M,5,28,12,12,2.7469019903,99.418,34.215,-1,-1,-1,-1,-1,-1,-1,0,0,0,0,0,0,0,0,0,0,0,0,0,0,0,0,0,0,0,0,0,0,0,0,102.36666,34.215
196,M,21,2,11,11,4.8742900571,95.517,42.688,-1,-1,0,0,0,0,0,0,0,0,0,0,0,0,0,0,0,-1,-1,-1,-1,-1,-1,-1,-1,0,0,0,0,0,0,98.46566,41.14028
197,M,21,2,11,11,2.5349096234,90.067,38.088,-1,-1,0,0,0,0,0,0,0,0,0,0,0,0,0,0,0,0,0,0,0,0,0,0,0,0,0,0,0,0,0,93.01566,38.088
198,F,21,2,11,11,5.6997412836,90.527,36.778,0,0,0,0,0,0,0,0,0,0,0,0,0,0,0,0,0,0,0,0,0,0,0,0,0,0,0,0,0,1,1,93.47566,36.778
199,F,21,2,11,11,2.9035101673,88.207,33.488,1,1,1,1,1,1,1,1,1,1,1,1,1,1,1,1,1,1,1,1,1,1,1,1,1,1,1,1,1,1,1,90.29202,36.58344
200,M,21,2,11,11,2.3423711344,90.987,34.998,0,0,0,0,0,1,0,0,0,0,0,0,0,0,0,0,0,0,0,0,1,1,1,1,1,1,0,0,0,0,0,93.93566,34.998
201,F,21,2,11,11,2.6686675229,91.907,37.618,-1,-1,0,0,0,0,0,0,0,0,0,0,0,0,-1,-1,-1,-1,-1,0,0,0,0,0,1,1,1,1,1,1,1,89.82198,37.618
202,F,21,2,11,11,3.8588932604,88.407,33.698,-1,-1,-1,-1,-1,-1,0,0,0,0,0,-1,-1,-1,-1,-1,-1,-1,-1,-1,-1,-1,-1,-1,-1,-1,-1,-1,-1,0,0,86.32198,32.15028
203,F,21,2,11,11,1.5887853272,95.067,37.258,1,1,1,1,1,1,1,1,1,1,1,1,1,1,1,1,1,1,1,1,1,1,1,1,1,1,1,1,1,1,1,97.15202,40.35344
204,M,21,2,11,11,4.4244275062,95.957,42.648,0,0,0,0,0,1,1,1,1,1,1,1,1,1,1,1,1,1,1,1,1,1,1,1,1,1,1,1,1,0,0,98.04202,45.74344
205,M,21,2,11,11,5.3401178774,98.967,46.958,-1,-1,-1,0,0,1,1,1,1,1,1,1,1,1,1,1,1,1,1,1,1,1,1,1,1,1,1,1,1,1,1,101.05202,50.05344
206,M,21,2,11,11,6.3182108825,101.267,44.268,1,1,0,0,0,0,0,0,0,1,1,1,1,1,1,1,1,1,1,1,1,1,1,1,1,1,1,1,1,1,1,103.35202,45.81572
207,F,34,43,11,11,4.7972453905,91.239,39.345,0,0,0,0,0,0,0,0,0,0,0,0,0,0,0,0,0,0,0,0,0,0,-1,-1,-1,-1,-1,-1,-1,0,0,94.18766,39.345
208,F,34,43,11,11,2.2837715811,97.439,33.005,0,0,0,0,0,1,1,1,1,1,0,0,0,0,0,0,0,0,0,0,0,0,0,0,0,-1,-1,-1,-1,-1,-1,100.38766,34.55272
209,F,34,43,11,11,3.3300264652,98.559,34.865,1,1,1,1,1,1,1,1,1,1,1,1,1,1,1,1,1,1,1,1,1,1,1,1,1,1,1,1,1,1,0,100.64402,37.96044
210,M,34,43,11,11,3.6845566944,102.089,44.815,-1,-1,-1,-1,-1,-1,0,0,0,0,0,0,0,0,0,0,0,0,0,0,0,-1,-1,-1,-1,-1,-1,-1,-1,0,0,105.03766,44.815
211,M,34,43,11,11,2.5935391839,91.779,38.555,0,0,0,0,0,0,0,0,0,0,0,0,0,0,0,0,0,0,0,0,0,0,0,0,0,0,0,0,0,0,0,94.72766,38.555
212,F,34,43,11,11,2.6618048118,90.739,29.655,0,0,0,0,0,0,0,0,0,0,0,0,0,0,0,0,0,0,0,0,0,0,0,0,0,0,0,-1,-1,-1,-1,93.68766,29.655
213,F,34,43,11,11,1.7483347266,91.899,36.255,1,1,1,1,1,1,1,0,0,0,0,0,0,0,0,0,0,0,0,0,0,0,0,0,0,0,0,0,0,0,0,94.84766,36.255
214,M,34,43,11,11,3.3549071176,96.099,41.735,-1,-1,-1,-1,-1,-1,-1,-1,0,0,0,0,0,0,0,0,0,0,0,0,0,0,0,0,0,0,0,0,0,0,0,99.04766,40.18728
215,F,34,43,11,11,2.5483953466,92.979,30.205,0,0,0,0,0,0,0,0,0,0,0,0,0,0,0,0,0,0,-1,-1,-1,-1,-1,-1,-1,-1,-1,-1,-1,-1,-1,95.92766,28.65728
216,F,34,43,11,11,2.8940701798,75.959,29.975,-1,-1,-1,-1,-1,-1,-1,-1,-1,-1,-1,-1,-1,-1,-1,-1,-1,-1,-1,-1,-1,-1,-1,-1,-1,-1,-1,-1,-1,-1,-1,73.87398,26.87956
217,M,34,43,11,11,2.2193093686,89.119,35.555,0,0,0,0,0,0,0,0,0,0,0,0,0,0,0,0,0,0,0,0,0,0,0,0,0,0,0,0,0,0,0,92.06766,35.555
218,M,31,46,8,8,1.7581261985,91.556,34.661,-1,-1,-1,-1,-1,-1,-1,-1,-1,-1,-1,0,0,0,0,0,0,0,0,0,0,0,0,0,0,0,0,0,0,0,0,94.50466,33.11328
219,F,31,46,8,8,2.835329194,91.964,32.521,0,0,0,0,0,0,0,0,0,0,0,0,0,0,0,0,0,0,0,0,0,0,0,0,0,0,0,0,0,1,1,94.91266,32.521
220,M,31,46,8,8,2.6275897328,91.744,31.131,-1,-1,-1,-1,-1,-1,-1,-1,0,0,0,0,0,0,0,0,0,0,0,0,0,0,0,0,0,0,0,0,0,0,0,94.69266,29.58328
221,F,31,46,8,8,3.6459370131,89.194,31.291,1,1,1,1,1,1,1,1,1,1,1,1,1,1,1,1,1,1,1,1,1,1,1,1,1,1,1,1,1,1,1,91.27902,34.38644
222,M,31,46,8,8,1.5287963999,93.445,37.181,1,1,1,1,1,1,1,0,0,0,-1,-1,-1,-1,-1,-1,-1,-1,-1,-1,-1,-1,-1,-1,-1,-1,-1,-1,-1,-1,-1,91.35998,35.63328
223,M,31,46,8,8,3.801318879,97.694,43.341,0,0,0,0,0,0,0,0,0,-1,-1,-1,-1,-1,-1,-1,-1,-1,-1,-1,-1,-1,-1,-1,0,0,0,0,0,0,1,95.60898,41.79328
224,M,31,46,8,8,1.9378123975,85.144,30.181,0,0,0,0,0,0,0,0,0,0,0,0,0,0,0,0,0,0,0,0,0,0,0,0,0,0,0,0,0,0,0,88.09266,30.181
225,M,31,46,8,8,5.6936764917,99.474,46.211,0,0,0,0,0,0,0,0,0,0,1,1,1,1,1,1,1,1,1,1,1,1,1,1,1,1,1,1,1,1,1,101.55902,47.75872
226,F,24,37,12,12,5.6271220755,94.72,37.165,-1,-1,-1,-1,-1,0,0,0,0,0,0,0,0,0,0,0,0,0,0,0,0,0,0,0,0,0,0,0,0,1,1,97.66866,37.165
227,M,24,37,12,12,1.8932913469,90.454,35.325,-1,-1,-1,-1,-1,-1,-1,-1,-1,-1,-1,-1,-1,0,0,0,0,0,0,0,0,0,0,0,0,0,0,0,0,0,0,93.40266,33.77728
228,F,24,37,12,12,5.8093165394,85.75,40.165,0,0,0,0,0,1,1,1,0,0,0,0,0,0,0,0,1,1,1,1,1,1,1,1,1,0,0,0,1,1,1,88.69866,43.26044
229,M,24,37,12,12,3.9009669334,93.94,41.475,-1,-1,-1,-1,-1,-1,-1,-1,-1,-1,-1,-1,-1,-1,-1,-1,-1,-1,-1,-1,-1,-1,-1,-1,-1,-1,-1,-1,0,1,1,91.85498,38.37956
230,M,24,37,12,12,3.5895684416,90.7,37.745,1,1,1,1,1,1,1,1,1,1,1,1,1,1,1,1,1,1,1,1,1,1,1,0,0,0,1,1,1,1,1,92.78502,40.84044
231,M,24,37,12,12,4.3583496368,98.64,45.025,1,1,1,1,1,1,1,1,1,1,1,1,1,0,0,0,0,0,0,0,0,0,0,0,0,0,0,0,0,0,0,101.58866,46.57272
232,M,24,37,12,12,2.2471588937,93.44,37.865,1,1,1,0,0,1,1,1,0,1,1,1,0,0,0,0,0,0,0,0,0,0,0,0,0,0,0,0,0,0,0,96.38866,39.41272
233,F,24,37,12,12,2.3773561381,88.68,28.855,-1,-1,-1,-1,-1,-1,0,0,0,0,0,0,0,0,0,0,0,0,0,0,0,0,0,0,0,0,0,0,1,1,1,91.62866,28.855
235,F,24,37,12,12,2.3554679535,84.83,29.615,0,0,0,0,0,0,0,0,0,-1,-1,-1,-1,-1,-1,-1,-1,-1,-1,-1,-1,-1,-1,-1,-1,-1,-1,-1,-1,-1,-1,82.74498,28.06728
236,F,24,37,12,12,1.7542071749,88.19,32.455,1,1,1,0,0,0,0,0,0,0,0,0,0,0,0,0,0,0,0,0,0,0,0,0,0,0,0,0,0,-1,-1,91.13866,32.455
237,F,24,37,12,12,1.7151957875,81.03,24.365,0,0,0,0,0,0,1,1,1,1,1,1,1,1,1,1,1,1,1,1,1,1,1,1,1,1,1,1,1,1,1,83.11502,27.46044
238,M,27,39,12,10,2.5664175786,97.585,40.45,0,0,0,0,0,-1,0,0,0,0,0,0,0,0,0,0,0,0,0,0,0,0,0,0,0,0,0,0,0,0,0,100.53366,40.45
239,M,27,39,12,10,2.5890115715,91.945,39.49,1,1,0,0,0,0,0,0,0,0,0,0,0,0,0,0,0,0,0,0,0,0,0,0,0,0,0,0,0,0,0,94.89366,39.49
240,F,27,39,12,10,3.2755313604,99.705,32.56,0,0,0,0,0,0,0,1,1,1,1,1,1,1,1,1,1,1,1,1,1,1,1,1,1,1,1,1,1,1,1,101.79002,35.65544
242,F,27,39,12,10,5.7635661031,94.815,37.98,-1,-1,-1,-1,-1,-1,-1,-1,-1,-1,0,0,0,0,0,0,0,0,0,0,0,0,0,0,0,0,0,0,0,0,0,97.76366,36.43228
243,F,27,39,12,10,3.9141496496,89.915,36.19,1,1,0,0,0,1,1,1,1,1,1,1,1,1,0,0,0,0,0,0,0,0,0,0,0,0,0,0,0,1,1,92.86366,37.73772
245,M,27,39,12,10,2.842354497,96.105,41.1,0,-1,-1,-1,-1,-1,-1,-1,-1,-1,-1,-1,-1,-1,-1,-1,-1,-1,-1,-1,-1,-1,-1,-1,-1,-1,0,0,-1,0,0,94.01998,38.00456
246,M,27,39,12,10,2.0466353934,92.195,28.34,-1,-1,-1,-1,-1,-1,-1,-1,-1,-1,-1,-1,-1,-1,-1,-1,-1,-1,-1,-1,-1,-1,-1,-1,-1,-1,-1,-1,-1,-1,-1,90.10998,25.24456
247,M,27,39,12,10,2.7723923636,90.795,35.41,1,1,1,1,1,1,1,1,1,1,1,1,1,1,1,1,1,1,1,1,1,1,1,1,1,1,1,1,1,1,1,92.88002,38.50544
248,F,27,39,12,10,3.0560942736,91.575,30.59,1,1,1,1,1,1,1,1,1,1,1,1,1,1,1,1,1,1,1,1,1,1,1,1,1,1,0,0,0,1,1,93.66002,33.68544
249,F,27,39,12,10,2.2364322886,82.735,25.03,0,0,0,0,0,0,-1,-1,-1,-1,-1,-1,-1,-1,-1,-1,-1,-1,-1,-1,-1,-1,-1,-1,0,0,0,0,1,1,1,80.64998,21.93456
250,M,29,40,9,9,2.1618809747,92.535,37.735,1,1,1,1,1,1,1,1,1,1,1,0,0,0,1,1,1,1,1,1,1,1,0,0,0,0,-1,-1,-1,0,0,94.62002,40.83044
251,M,29,40,9,9,3.8222178532,93.735,37.925,-1,-1,-1,-1,-1,-1,-1,-1,-1,-1,-1,-1,-1,-1,-1,-1,-1,-1,-1,-1,-1,-1,-1,-1,-1,-1,0,0,0,-1,-1,91.64998,34.82956
252,M,29,40,9,9,4.8628473046,101.585,44.445,0,0,0,0,0,1,1,1,1,0,0,0,0,0,0,0,0,0,0,0,0,0,0,0,0,0,0,0,0,0,0,104.53366,45.99272
253,F,29,40,9,9,2.4213574376,84.155,30.895,0,0,1,1,1,1,1,1,0,0,0,-1,-1,-1,-1,-1,-1,-1,-1,-1,-1,-1,-1,-1,-1,-1,-1,-1,-1,0,0,82.06998,30.895
254,M,29,40,9,9,3.2140110551,94.795,44.305,-1,-1,-1,0,0,0,0,0,0,0,0,0,0,0,0,0,0,0,0,0,0,0,0,0,0,0,0,0,0,0,0,97.74366,44.305
255,M,29,40,9,9,2.2902554147,97.805,44.565,-1,-1,-1,-1,-1,0,0,0,0,0,0,0,0,0,0,0,0,0,0,0,0,0,0,0,0,0,0,0,0,0,0,100.75366,44.565
256,F,29,40,9,9,2.2471588937,93.855,33.975,-1,-1,-1,-1,-1,-1,-1,-1,-1,0,0,0,0,0,0,0,0,0,0,0,0,0,0,0,0,0,0,0,0,0,0,96.80366,32.42728
257,M,29,40,9,9,2.1618809747,89.587,35.345,0,0,0,0,0,0,0,0,0,0,0,0,0,0,0,0,0,0,0,0,0,0,0,0,0,0,0,0,0,0,0,92.53566,35.345
258,F,29,40,9,9,3.2140110551,88.205,33.945,-1,-1,-1,-1,-1,-1,-1,-1,-1,-1,-1,-1,-1,-1,-1,-1,-1,-1,-1,-1,-1,-1,-1,-1,0,0,1,1,1,1,1,86.11998,30.84956
259,M,38,47,11,11,2.2171724386,101.211,44.128,1,1,1,1,1,1,1,1,0,0,0,0,0,0,0,0,0,0,0,0,0,0,0,0,0,0,-1,-1,-1,-1,-1,104.15966,45.67572
260,F,38,47,11,11,1.554936115,83.481,23.688,0,0,0,0,0,0,0,0,0,0,0,0,0,0,0,0,0,0,0,0,0,0,0,0,0,0,0,0,0,1,1,86.42966,23.688
261,M,38,47,11,11,2.0280007505,98.191,32.968,0,0,1,1,1,1,1,1,1,1,1,1,1,1,1,1,1,1,1,1,1,1,1,1,1,0,0,0,0,0,0,100.27602,36.06344
262,M,38,47,11,11,2.5236918154,83.451,35.808,-1,-1,-1,-1,-1,-1,-1,-1,-1,-1,0,0,0,0,-1,-1,-1,-1,-1,-1,-1,-1,-1,-1,-1,-1,-1,-1,-1,-1,-1,81.36598,32.71256
263,M,38,47,11,11,2.3467337298,92.931,37.798,0,0,0,1,1,1,1,1,1,1,1,1,1,1,1,1,1,1,1,1,1,1,1,1,1,1,1,1,1,1,1,95.01602,40.89344
264,M,38,47,11,11,5.2574622216,95.441,42.788,0,0,0,0,0,0,0,0,0,0,0,0,0,0,0,0,0,0,0,0,0,0,0,0,0,0,0,0,0,0,0,98.38966,42.788
265,M,38,47,11,11,7.5301824129,95.291,47.618,0,0,0,0,0,0,0,0,0,0,0,0,0,0,0,0,0,0,0,-1,-1,-1,0,0,0,0,0,0,0,0,0,98.23966,46.07028
266,F,38,47,11,11,1.9053953539,88.301,29.278,0,0,0,0,0,1,1,1,1,1,1,1,1,1,1,1,1,1,1,1,1,1,1,1,1,1,1,1,1,1,1,90.38602,32.37344
267,F,38,47,11,11,3.5793546575,85.521,32.008,0,0,0,0,0,0,0,0,0,0,0,0,0,0,0,0,0,0,0,0,0,0,0,0,0,0,0,0,0,0,0,88.46966,32.008
268,M,38,47,11,11,3.0344621958,100.281,39.028,0,0,0,0,0,0,1,1,1,1,1,1,1,1,1,1,1,1,1,0,0,0,0,0,0,0,0,0,0,0,0,102.36602,40.57572
269,F,38,47,11,11,1.4077984393,93.791,28.858,0,0,0,0,0,0,0,0,0,1,1,0,0,0,0,-1,-1,-1,-1,-1,-1,-1,-1,-1,-1,-1,-1,-1,-1,-1,-1,91.70598,27.31028
270,F,41,50,13,13,3.0585013563,92.12,35.685,-1,-1,-1,-1,-1,-1,-1,-1,-1,-1,-1,-1,-1,-1,-1,-1,-1,-1,-1,-1,-1,-1,-1,-1,-1,-1,-1,-1,-1,0,0,90.03498,32.58956
271,F,41,50,13,13,2.6139497387,95.32,37.155,-1,0,0,0,0,0,0,0,0,1,1,1,1,1,1,1,1,1,1,1,1,1,1,1,1,1,0,0,0,-1,-1,97.40502,38.70272
272,F,41,50,13,13,2.5236918154,92.39,32.835,-1,-1,-1,-1,-1,-1,-1,-1,-1,-1,-1,0,0,0,0,0,0,0,0,0,0,0,0,0,0,0,0,0,0,0,0,95.33866,31.28728
273,F,41,50,13,13,3.7596486371,96.81,35.575,-1,-1,-1,-1,-1,0,0,0,0,0,0,0,0,0,0,0,0,0,0,0,0,-1,-1,-1,-1,-1,-1,-1,-1,-1,-1,99.75866,35.575
274,M,41,50,13,13,3.5284479488,103.83,45.995,0,0,0,0,0,0,0,0,0,0,0,0,0,0,0,0,-1,-1,-1,-1,-1,-1,-1,-1,-1,-1,-1,-1,-1,-1,-1,106.77866,44.44728
275,M,41,50,13,13,3.5793546575,91.91,37.255,1,1,1,1,1,1,1,1,1,1,0,0,0,0,0,0,0,0,0,0,0,0,0,0,-1,-1,-1,-1,-1,-1,-1,94.85866,38.80272
276,F,41,50,13,13,2.1323237438,90.41,31.035,-1,-1,-1,-1,-1,-1,-1,-1,-1,-1,-1,-1,-1,-1,-1,-1,-1,-1,-1,-1,-1,-1,-1,-1,-1,-1,-1,-1,-1,-1,-1,88.32498,27.93956
277,F,41,50,13,13,2.0073698647,82.27,32.895,0,0,0,0,0,0,0,0,0,0,0,0,0,0,0,0,0,0,0,0,0,0,0,0,0,0,0,0,0,1,1,85.21866,32.895
278,F,41,50,13,13,4.8228763242,98.89,41.265,-1,-1,-1,-1,-1,-1,-1,-1,-1,0,0,0,0,0,0,0,0,0,0,0,0,0,0,0,0,0,0,0,-1,-1,-1,101.83866,39.71728
279,M,41,50,13,13,3.2042080162,89.92,38.145,1,1,1,1,1,1,1,1,1,1,1,1,1,1,1,1,1,1,1,1,1,1,1,1,1,1,1,1,1,1,1,92.00502,41.24044
280,F,41,50,13,13,2.2816118194,92.73,34.065,0,0,1,1,1,1,1,1,1,1,1,1,1,1,1,1,1,1,1,1,1,1,1,1,1,1,1,1,1,1,1,94.81502,37.16044
281,F,41,50,13,13,2.0694968432,89.92,31.445,1,1,1,1,1,1,0,1,1,1,1,1,1,1,1,1,1,1,1,1,1,1,1,1,1,1,1,1,1,1,1,92.00502,34.54044
282,F,41,50,13,13,2.3905250775,86.45,32.245,-1,-1,-1,-1,-1,-1,-1,-1,-1,0,0,1,1,1,1,1,1,1,1,1,1,1,1,1,1,1,1,1,1,1,1,88.53502,32.245
283,F,5,36,11,11,1.2765878161,86.868,29.124,0,0,0,0,0,0,0,0,0,0,0,0,0,0,0,0,0,0,0,0,0,0,0,0,0,0,-1,-1,-1,0,0,89.81666,29.124
284,F,5,36,11,11,1.009556872,99.848,34.614,0,0,0,0,0,0,0,1,1,1,1,1,1,1,1,1,1,1,1,1,1,1,0,0,0,-1,-1,-1,-1,-1,-1,101.93302,37.70944
285,F,5,36,11,11,1.5850109557,97.328,33.204,0,0,0,0,0,0,-1,-1,-1,-1,-1,-1,-1,0,0,0,0,0,0,0,0,0,0,0,0,0,0,0,0,0,0,100.27666,31.65628
286,F,5,36,11,11,1.746378868,98.598,35.489,0,0,0,0,0,0,0,0,0,0,0,0,0,0,0,0,0,0,0,0,0,-1,0,0,0,0,0,0,0,0,0,101.54666,35.489
287,F,5,36,11,11,12.7835265334,92.998,41.634,-1,-1,-1,-1,-1,-1,-1,-1,-1,0,0,0,0,0,0,0,0,0,0,0,0,0,1,1,1,0,0,1,1,1,1,95.94666,40.08628
288,F,5,36,11,11,1.0416559613,93.658,35.144,0,0,0,0,0,0,0,0,0,0,0,0,0,0,1,1,1,1,1,1,1,1,1,1,1,1,1,1,1,1,0,95.74302,36.69172
289,F,5,36,11,11,2.0197390037,92.988,32.304,0,0,-1,-1,-1,0,0,0,0,0,0,0,0,0,0,0,0,0,0,0,0,0,0,0,0,0,0,0,0,0,0,95.93666,32.304
290,F,5,36,11,11,1.6039160941,97.898,37.054,-1,-1,-1,-1,-1,-1,-1,-1,-1,-1,-1,-1,-1,-1,-1,-1,-1,-1,-1,-1,-1,0,0,0,0,0,0,0,0,0,0,95.81298,33.95856
291,F,5,36,11,11,1.2247615589,92.318,31.404,-1,-1,-1,-1,-1,-1,-1,-1,-1,-1,-1,-1,-1,-1,-1,-1,-1,-1,-1,-1,-1,-1,-1,-1,-1,-1,-1,-1,-1,-1,-1,90.23298,28.30856
292,F,5,36,11,11,1.4733386176,84.098,26.684,0,0,0,-1,-1,-1,0,0,0,0,0,0,0,0,0,0,0,0,0,0,0,0,0,0,0,0,0,0,1,1,1,87.04666,26.684
293,M,5,36,11,11,3.7492577263,90.778,47.644,0,0,0,0,0,-1,-1,0,0,0,0,0,0,0,0,0,0,0,0,0,0,1,1,1,1,1,1,1,1,1,1,93.72666,47.644
294,M,14,9,11,10,4.4825477628,100.1,53.512,1,1,1,1,1,0,1,1,0,0,0,0,0,0,0,0,0,0,0,0,0,0,0,0,0,0,0,0,0,0,0,103.04866,55.05972
295,M,14,9,11,10,2.7723923636,96.63,37.282,-1,-1,0,0,0,0,1,1,1,1,1,1,1,1,1,1,1,1,1,1,1,1,1,1,-1,-1,0,0,0,0,0,98.71502,40.37744
296,F,14,9,11,10,5.642222574,85.8,38.642,0,0,-1,-1,-1,-1,-1,-1,-1,-1,-1,-1,-1,-1,-1,-1,-1,-1,-1,-1,-1,-1,-1,-1,-1,-1,-1,-1,-1,-1,-1,83.71498,35.54656
297,M,14,9,11,10,1.7444238219,89.37,32.462,0,0,0,0,0,-1,-1,-1,-1,-1,-1,0,0,0,0,0,0,0,0,0,0,0,0,0,0,0,0,0,0,0,0,92.31866,30.91428
298,M,14,9,11,10,1.5906737619,90.75,35.612,-1,-1,-1,-1,-1,-1,-1,-1,-1,-1,-1,-1,-1,-1,-1,-1,-1,-1,-1,-1,-1,-1,-1,-1,-1,-1,-1,-1,-1,-1,-1,88.66498,32.51656
299,F,14,9,11,10,1.2299082687,88.59,29.862,0,0,1,1,1,0,1,1,1,1,1,1,1,1,1,1,1,1,1,1,1,1,1,1,1,1,0,0,0,0,0,90.67502,32.95744
300,F,14,9,11,10,1.8832265549,91.64,32.382,0,0,0,0,0,0,0,0,0,0,0,0,0,0,0,0,0,0,0,0,0,0,0,0,0,0,0,0,0,0,0,94.58866,32.382
301,M,14,9,11,10,3.7052155416,85.87,43.262,0,0,0,0,0,0,0,0,0,0,0,0,0,0,0,0,0,0,0,0,0,0,0,0,0,0,0,0,0,0,0,88.81866,43.262
302,F,14,9,11,10,1.57182691,93.72,35.672,-1,-1,-1,-1,-1,-1,-1,-1,-1,-1,-1,-1,-1,-1,-1,-1,0,0,0,0,0,0,0,0,0,0,0,0,0,0,0,91.63498,34.12428
303,F,14,9,11,10,0.9047702077,89.52,27.992,-1,-1,-1,-1,-1,-1,-1,-1,-1,-1,-1,-1,-1,-1,-1,-1,-1,-1,-1,-1,-1,-1,-1,-1,-1,-1,-1,-1,0,0,0,87.43498,24.89656
305,F,21,6,11,11,5.9597009891,87.606,36.732,0,0,0,0,0,0,0,0,0,0,0,0,0,0,0,0,0,0,0,0,0,0,0,0,0,0,0,0,0,0,0,90.55466,36.732
306,M,21,6,11,11,1.8711751022,90.496,42.252,0,0,0,0,0,0,0,0,0,0,0,0,0,0,0,0,0,0,0,0,0,0,0,0,0,0,0,0,0,0,0,93.44466,42.252
307,M,21,6,11,11,1.3951833725,82.556,32.572,0,0,0,0,0,0,1,1,1,1,1,1,1,1,1,1,1,1,1,1,1,0,0,0,0,0,-1,-1,-1,-1,-1,84.64102,35.66744
308,M,21,6,11,11,2.2235855196,104.686,36.422,-1,-1,-1,-1,-1,-1,-1,-1,-1,-1,-1,-1,-1,-1,0,0,0,0,0,0,0,-1,-1,-1,-1,-1,0,0,0,0,0,107.63466,34.87428
309,F,21,6,11,11,1.9929748693,87.976,34.542,-1,-1,-1,-1,-1,-1,-1,-1,-1,-1,-1,-1,-1,-1,-1,-1,-1,-1,-1,0,0,0,0,0,1,1,0,0,0,0,0,85.89098,32.99428
310,F,21,6,11,11,1.2887949903,93.226,40.962,0,0,0,0,0,-1,-1,-1,-1,-1,-1,-1,-1,-1,-1,-1,0,0,0,0,0,0,0,0,0,0,0,0,0,0,0,91.14098,39.41428
311,F,21,6,11,11,1.4331547355,89.646,27.422,0,0,1,0,0,0,1,1,1,0,0,0,0,0,0,0,0,0,0,0,0,-1,-1,-1,-1,-1,0,0,0,0,0,92.59466,28.96972
312,M,21,6,11,11,4.8314312267,101.006,39.732,0,0,0,0,0,0,0,0,0,0,0,0,-1,-1,-1,-1,-1,-1,-1,-1,-1,-1,-1,-1,-1,-1,-1,-1,-1,-1,-1,98.92098,38.18428
313,F,21,6,11,11,1.2025518547,96.726,38.922,0,0,0,0,-1,-1,-1,-1,-1,-1,-1,-1,-1,-1,-1,-1,-1,-1,-1,-1,-1,0,0,0,0,0,0,0,0,0,0,94.64098,35.82656
314,F,21,6,11,11,1.6745852686,96.906,32.992,-1,-1,-1,-1,-1,-1,0,0,1,1,1,1,1,1,1,1,1,1,1,1,1,1,1,1,1,1,1,1,1,1,1,98.99102,34.53972
315,F,21,6,11,11,1.3593731055,86.696,27.672,-1,-1,-1,-1,-1,-1,-1,-1,-1,-1,-1,-1,-1,-1,-1,-1,-1,-1,-1,-1,-1,-1,-1,-1,-1,-1,-1,-1,-1,-1,-1,84.61098,24.57656
316,F,15,11,11,11,0.7984474956,88.293,25.133,0,0,0,0,0,0,0,0,0,0,0,0,0,0,0,0,0,0,0,0,0,0,0,0,0,0,0,0,0,0,0,91.24166,25.133
317,M,15,11,11,11,1.6457993817,88.663,31.673,1,1,1,0,0,0,0,0,0,0,0,0,0,0,0,0,0,0,0,0,0,0,0,0,1,1,1,0,0,0,0,91.61166,31.673
318,F,15,11,11,11,2.9818242632,86.513,32.213,-1,-1,-1,-1,-1,-1,-1,-1,0,0,0,0,0,0,0,0,0,0,0,0,0,0,0,0,0,0,0,0,0,-1,-1,89.46166,30.66528
319,M,15,11,11,11,3.5233721711,94.723,44.023,1,1,1,1,1,1,1,1,1,1,1,1,1,1,1,1,1,1,1,1,1,1,1,1,1,1,1,1,1,1,1,96.80802,47.11844
320,F,15,11,11,11,0.630236484,86.473,30.673,-1,-1,-1,-1,-1,-1,-1,-1,-1,-1,-1,-1,-1,-1,-1,-1,-1,-1,-1,-1,-1,-1,-1,-1,-1,-1,-1,-1,0,0,0,84.38798,27.57756
321,M,15,11,11,11,3.5742518163,101.853,42.133,0,0,0,0,0,0,0,0,0,1,1,1,1,0,0,0,0,-1,-1,-1,-1,-1,-1,-1,-1,-1,-1,-1,-1,-1,-1,104.80166,40.58528
322,F,15,11,11,11,14.3821668827,92.353,45.623,0,0,1,1,1,1,1,1,1,1,1,1,1,1,1,1,1,1,1,1,1,1,1,1,1,1,0,0,0,-1,-1,94.43802,48.71844
323,M,15,11,11,11,3.3723644342,97.923,36.773,0,0,0,0,0,0,1,1,0,-1,-1,-1,-1,-1,-1,-1,-1,-1,-1,-1,-1,-1,-1,-1,-1,-1,-1,-1,-1,-1,-1,95.83798,36.773
324,F,15,11,11,11,0.8728103008,94.643,30.083,-1,-1,-1,-1,-1,-1,-1,-1,-1,-1,-1,-1,-1,-1,-1,-1,-1,-1,-1,0,0,0,0,0,0,-1,-1,-1,-1,-1,-1,92.55798,28.53528
325,F,15,11,11,11,1.8411722829,92.723,31.163,1,1,1,1,1,1,1,1,1,1,0,0,0,0,0,0,0,0,0,0,0,0,0,0,0,0,0,0,0,0,0,95.67166,32.71072
326,M,15,11,11,11,1.4954304593,94.443,30.703,0,0,0,0,0,0,0,0,0,0,0,0,0,0,0,0,0,0,0,0,0,0,0,0,0,1,1,1,1,1,1,97.39166,30.703
327,F,15,11,11,11,1.0773937191,91.993,26.143,0,0,0,0,0,1,1,1,1,1,1,0,0,0,0,0,0,0,0,0,0,1,1,1,1,0,1,1,1,1,1,94.94166,27.69072
328,F,7,35,10,10,1.2678948254,94.543,33.36,0,0,0,0,0,0,0,0,0,0,0,1,0,0,0,0,0,0,0,1,1,1,1,1,1,0,0,0,-1,-1,-1,97.49166,34.90772
329,F,7,35,10,10,1.2333438558,90.933,31.47,1,1,1,1,1,1,1,1,1,1,1,1,1,1,1,1,1,1,1,1,0,0,0,0,0,0,0,0,0,-1,-1,93.01802,34.56544
330,F,7,35,10,10,2.5259338999,88.083,31.59,0,0,0,0,0,-1,-1,-1,-1,-1,-1,-1,-1,-1,-1,-1,-1,-1,-1,-1,-1,-1,-1,-1,-1,-1,-1,-1,-1,0,0,85.99798,28.49456
331,F,7,35,10,10,1.9888690778,96.933,35.04,0,0,0,0,0,0,0,0,0,0,0,0,0,0,0,0,0,0,0,0,0,0,0,0,0,0,0,0,0,0,0,99.88166,35.04
332,F,7,35,10,10,1.9074154701,101.613,29.37,0,0,0,0,0,0,0,0,0,0,0,0,0,0,0,0,0,0,0,0,0,0,0,0,0,0,0,0,0,0,0,104.56166,29.37
333,M,7,35,10,10,7.0025230132,94.733,44.75,0,0,0,0,0,1,0,0,0,0,0,0,0,0,1,1,1,1,1,1,1,1,1,1,1,1,0,0,0,0,0,96.81802,46.29772
334,F,7,35,10,10,2.3054108676,83.623,26.68,1,1,0,0,0,0,0,0,0,0,0,0,0,0,0,0,0,0,0,-1,-1,-1,-1,-1,-1,-1,-1,-1,-1,-1,-1,86.57166,25.13228
335,M,7,35,10,10,11.0884511623,96.063,54.81,-1,-1,-1,0,0,0,0,0,0,0,1,1,1,1,1,1,1,1,1,1,1,1,1,1,1,1,1,1,1,0,0,98.14802,56.35772
336,M,7,35,10,10,5.4978789765,95.873,50.51,1,1,1,1,1,1,0,0,0,0,0,0,0,0,0,0,0,0,0,0,0,0,0,0,0,0,0,0,0,0,0,98.82166,50.51
337,F,7,35,10,10,1.4096040296,88.893,31.29,0,0,0,1,1,1,1,1,1,1,1,1,1,1,1,1,1,1,1,1,1,1,1,1,1,1,1,1,1,1,1,90.97802,34.38544
338,F,4,26,12,12,1.2505750635,89.147,28.857,0,0,0,0,0,0,0,0,0,0,0,0,0,0,0,0,0,0,0,0,0,0,0,0,0,0,0,0,0,-1,-1,92.09566,28.857
339,F,4,26,12,12,2.0715798269,95.387,35.987,0,0,0,0,0,0,-1,-1,-1,-1,-1,-1,-1,-1,-1,-1,-1,-1,-1,-1,-1,-1,-1,-1,-1,0,0,0,0,0,0,93.30198,32.89156
340,F,4,26,12,12,1.968387295,85.987,30.087,-1,-1,0,0,0,-1,-1,-1,-1,-1,-1,0,1,1,1,1,1,1,1,1,1,1,1,1,1,0,1,1,1,0,0,88.07202,30.087
341,F,4,26,12,12,1.482528723,96.007,44.737,0,0,0,0,0,0,0,0,0,0,0,0,0,0,0,0,0,0,1,1,0,0,0,0,0,0,0,0,0,0,0,98.95566,46.28472
342,M,4,26,12,12,2.8236346985,85.867,26.867,0,0,0,0,0,0,0,0,0,0,0,0,0,0,0,0,0,0,0,0,0,0,0,0,0,0,0,0,0,0,0,88.81566,26.867
343,M,4,26,12,12,2.1555345762,96.207,37.187,0,0,1,1,1,0,0,0,0,0,0,0,0,0,0,0,0,0,0,0,0,0,0,0,0,0,0,0,0,-1,-1,99.15566,37.187
344,M,4,26,12,12,3.505628312,98.317,41.417,0,0,0,0,0,0,0,0,0,0,0,0,0,0,0,0,0,0,0,0,0,0,0,0,0,0,0,0,0,0,-1,101.26566,41.417
345,F,4,26,12,12,2.7538452441,99.597,35.817,0,0,0,-1,-1,-1,-1,-1,-1,0,0,0,0,0,0,0,0,0,0,0,0,0,0,0,0,0,0,0,0,0,0,102.54566,34.26928
346,F,4,26,12,12,1.6900133555,97.847,36.687,1,1,1,1,1,1,1,1,1,1,1,1,0,0,0,0,0,0,0,0,0,0,0,0,0,0,0,0,0,0,1,100.79566,38.23472
347,F,4,26,12,12,1.538113131,97.437,34.117,0,0,0,0,0,0,0,0,0,0,0,0,0,0,0,0,0,0,0,0,0,0,0,0,0,0,0,0,0,0,0,100.38566,34.117
348,M,4,26,12,12,2.4589934731,102.587,36.327,-1,-1,-1,-1,-1,-1,-1,-1,-1,-1,-1,0,-1,-1,-1,-1,-1,-1,-1,-1,-1,-1,-1,-1,-1,-1,-1,-1,-1,-1,0,100.50198,33.23156
349,M,25,8,11,11,1.5269355751,87.509,35.97,0,0,0,0,0,0,0,0,0,0,0,-1,-1,-1,-1,-1,-1,-1,-1,-1,-1,-1,-1,-1,-1,-1,-1,-1,-1,-1,-1,85.42398,34.42228
350,M,25,8,11,11,4.170440019,83.129,38.95,-1,-1,-1,-1,-1,-1,-1,-1,-1,-1,-1,-1,-1,-1,-1,-1,-1,-1,-1,-1,-1,-1,-1,-1,-1,-1,-1,0,0,0,0,81.04398,35.85456
351,F,4,26,12,12,1.2333438558,86.657,25.167,0,0,0,0,0,1,1,1,1,1,1,1,1,1,1,1,1,1,1,1,1,1,1,1,0,0,0,0,0,0,0,88.74202,28.26244
352,M,25,8,11,11,4.6952295028,109.719,48.08,1,1,1,1,1,0,1,1,1,1,1,1,1,0,0,0,-1,-1,-1,-1,-1,-1,-1,-1,-1,-1,0,0,0,-1,-1,112.66766,48.08
353,M,25,8,11,11,2.5574005717,94.259,39.9,0,0,0,0,0,1,1,1,1,1,1,1,1,1,1,1,1,1,1,0,0,0,-1,-1,-1,-1,-1,-1,-1,-1,-1,96.34402,41.44772
354,F,25,8,11,11,1.9970838019,86.549,32.01,0,0,0,0,0,0,0,0,0,1,0,0,0,0,0,0,0,0,0,0,0,0,0,0,0,0,0,0,0,0,0,89.49766,32.01
355,M,25,8,11,11,2.8564244464,100.809,37.15,0,0,0,0,0,0,0,0,0,0,0,-1,-1,-1,-1,-1,-1,-1,-1,-1,-1,-1,-1,-1,-1,-1,-1,-1,-1,-1,-1,98.72398,35.60228
356,F,25,8,11,11,1.2748474551,90.189,33.4,-1,-1,-1,-1,-1,-1,-1,-1,-1,-1,-1,-1,-1,-1,-1,-1,-1,0,0,0,0,0,0,0,0,0,0,0,0,0,0,88.10398,31.85228
357,F,25,8,11,11,1.6977470718,84.629,28.88,0,0,0,-1,-1,-1,0,0,0,0,0,0,0,0,0,0,0,0,0,0,1,1,1,1,1,1,1,0,0,0,0,87.57766,28.88
358,M,25,8,11,11,1.8953066933,87.629,28.43,1,1,1,1,1,1,1,1,1,1,1,1,1,1,1,1,1,1,1,1,1,1,1,1,1,0,0,0,0,0,0,89.71402,31.52544
359,M,25,8,11,11,3.4904457635,100.059,39.86,1,1,1,1,1,1,0,0,-1,-1,-1,-1,-1,-1,-1,-1,-1,-1,-1,-1,-1,-1,-1,-1,0,0,0,0,0,0,0,97.97398,38.31228
360,F,25,8,11,11,1.4715031421,98.509,33.31,0,0,0,0,0,0,0,0,0,0,0,0,0,-1,0,0,0,0,0,0,0,0,0,0,0,0,0,1,1,1,1,101.45766,33.31
361,F,18,1,10,10,1.3274402116,90.404,29.904,-1,0,0,0,0,0,0,0,0,0,0,0,0,0,0,0,0,0,0,0,0,0,0,0,0,0,0,0,0,0,0,93.35266,29.904
362,M,18,1,10,10,1.6020218388,97.214,38.644,0,0,0,0,0,0,-1,-1,-1,-1,-1,-1,-1,-1,-1,-1,-1,-1,-1,0,0,0,0,0,0,0,0,-1,-1,-1,-1,95.12898,37.09628
363,M,18,1,10,10,2.0590935937,92.494,36.154,0,0,0,0,0,0,0,0,0,0,0,0,0,0,0,0,0,0,0,0,0,0,0,0,0,0,-1,-1,-1,-1,-1,95.44266,36.154
364,F,18,1,10,10,1.6592097461,93.374,33.554,-1,-1,0,-1,-1,-1,-1,-1,-1,-1,-1,-1,-1,-1,-1,-1,-1,-1,-1,-1,-1,0,0,0,0,0,-1,-1,-1,0,0,91.28898,30.45856
365,M,18,1,10,10,3.0224690289,94.814,39.844,0,0,0,0,0,0,0,0,0,0,0,0,0,0,0,0,0,0,0,0,0,-1,-1,-1,-1,0,0,0,0,0,0,97.76266,39.844
366,F,18,1,10,10,1.4349723208,96.284,36.834,1,1,1,1,1,1,1,0,0,0,0,0,0,0,0,0,0,0,0,0,0,0,0,0,0,0,0,0,0,1,1,99.23266,36.834
367,M,18,1,10,10,3.7987094977,105.774,46.384,0,0,1,1,1,1,0,0,0,0,0,1,1,1,1,1,1,1,1,1,1,1,1,1,1,1,1,1,1,1,1,107.85902,47.93172
368,M,18,1,10,10,3.2656590415,105.424,45.834,0,0,0,0,0,0,-1,-1,-1,-1,-1,0,0,0,0,0,0,0,0,0,0,0,0,0,0,0,0,0,0,0,0,108.37266,44.28628
369,M,18,1,10,10,3.982965362,88.314,42.334,0,0,0,0,0,0,-1,-1,-1,-1,-1,-1,-1,-1,-1,-1,-1,-1,-1,-1,-1,-1,-1,-1,-1,-1,0,0,-1,-1,-1,86.22898,39.23856
370,M,18,1,10,10,3.1189065801,100.474,39.864,-1,-1,-1,-1,-1,-1,-1,-1,-1,0,1,1,1,1,1,1,0,0,0,0,0,0,0,0,0,0,0,0,0,0,0,102.55902,38.31628
371,M,51,39,12,11,3.8091510114,93.375,43.36,0,0,0,0,0,0,0,0,0,0,0,0,0,0,0,0,0,0,0,0,0,0,0,0,1,1,1,1,1,1,1,96.32366,43.36
372,F,51,39,12,11,2.2150362727,93.695,35.57,1,1,0,0,0,0,0,0,0,0,0,0,0,0,0,0,0,0,0,0,0,0,0,0,0,0,0,0,0,0,0,96.64366,35.57
373,M,51,39,12,11,2.38832838,89.655,34.82,0,0,0,0,0,1,1,1,1,1,1,1,1,1,1,1,1,1,1,1,1,1,1,1,1,1,1,1,1,1,1,91.74002,37.91544
374,F,51,39,12,11,1.984766429,100.805,39.96,-1,-1,-1,-1,-1,-1,-1,-1,-1,-1,0,0,0,0,0,0,0,0,0,0,0,0,0,0,-1,0,0,0,0,0,0,103.75366,38.41228
375,M,51,39,12,11,3.2755313604,91.005,40.34,0,0,0,0,0,0,1,1,1,1,1,1,1,1,1,1,1,1,1,1,1,1,1,1,1,1,1,1,1,1,1,93.09002,43.43544
376,M,51,39,12,11,3.861517903,91.555,40.78,0,0,0,0,0,0,0,0,0,-1,-1,-1,-1,-1,-1,-1,-1,-1,-1,-1,-1,-1,-1,-1,-1,-1,-1,-1,-1,0,0,89.46998,39.23228
377,M,51,39,12,11,3.1286120513,90.615,37.89,0,0,0,0,0,0,0,0,0,0,0,0,0,0,0,0,0,0,0,1,1,1,1,1,1,1,1,0,0,0,0,93.56366,39.43772
378,M,51,39,12,11,3.861517903,91.675,38.95,1,1,1,1,1,1,1,1,1,1,1,1,1,1,1,1,1,1,1,1,1,1,1,1,1,1,1,1,1,1,1,93.76002,42.04544
379,F,51,39,12,11,1.4059937079,88.415,27.64,0,0,0,0,0,0,0,0,1,1,1,1,1,1,1,1,1,1,1,1,1,1,1,1,1,1,1,1,1,1,0,90.50002,29.18772
380,,51,39,12,11,1.6191000132,88.415,27.64,0,0,0,0,0,0,0,0,0,0,0,0,0,0,0,0,0,0,0,0,0,0,0,0,0,1,1,1,1,1,1,91.36366,27.64
382,F,51,39,12,11,1.7444238219,92.545,29.84,0,0,0,0,0,0,0,0,0,0,0,0,0,0,0,0,0,0,0,0,-1,-1,-1,-1,-1,-1,-1,-1,-1,0,0,95.49366,29.84
383,F,52,38,10,10,3.1334689819,96.063,37.002,0,0,0,0,0,0,1,1,1,1,1,1,1,1,1,1,1,1,1,1,1,1,1,1,1,1,1,1,1,1,1,98.14802,40.09744
384,F,52,38,10,10,1.709372194,87.773,26.812,0,0,0,0,0,-1,-1,-1,-1,-1,-1,-1,-1,-1,-1,-1,-1,-1,-1,-1,-1,-1,-1,-1,-1,-1,-1,-1,-1,-1,-1,85.68798,23.71656
385,F,52,38,10,10,1.5195006897,97.583,33.582,0,0,0,0,0,0,0,0,0,0,0,0,0,0,0,0,0,0,0,0,0,1,1,1,1,1,1,1,1,1,1,100.53166,33.582
386,F,52,38,10,10,1.302798762,90.313,28.342,1,1,1,1,1,1,1,1,1,1,1,1,1,1,1,1,1,1,1,1,0,0,0,0,0,0,0,0,0,0,0,92.39802,31.43744
387,M,52,38,10,10,3.7882786231,98.703,39.132,0,0,0,0,0,0,0,0,0,0,-1,-1,-1,-1,-1,-1,-1,-1,-1,-1,-1,0,-1,-1,-1,-1,-1,-1,-1,-1,-1,96.61798,37.58428
388,M,52,38,10,10,2.6389765052,91.673,33.902,-1,-1,-1,-1,-1,0,0,0,0,0,0,0,0,0,0,0,0,0,0,0,0,0,0,0,0,0,0,0,0,0,0,94.62166,33.902
389,F,52,38,10,10,1.2678948254,86.913,38.242,0,0,0,0,0,0,0,0,0,0,0,0,0,1,1,1,1,1,1,1,1,1,1,1,1,1,1,1,1,1,1,88.99802,39.78972
390,M,52,38,10,10,8.3567538991,99.323,48.512,1,1,1,1,1,1,0,0,0,0,0,0,0,0,0,0,0,0,0,0,0,0,0,0,0,0,0,-1,-1,-1,-1,102.27166,48.512
391,M,52,38,10,10,3.1577955394,93.713,37.072,0,0,0,0,0,0,0,0,0,0,0,0,0,0,0,0,0,0,0,0,0,0,0,0,0,0,0,1,1,1,1,96.66166,37.072
392,M,52,38,10,10,3.8930652276,83.303,35.552,-1,-1,-1,-1,-1,-1,1,1,1,1,0,0,0,0,0,0,0,0,0,0,0,0,0,0,-1,-1,-1,-1,-1,-1,-1,86.25166,37.09972
393,M,48,30,5,5,3.1213318988,91.562,33.149,0,0,0,0,0,0,0,0,0,0,0,0,0,0,0,0,0,0,0,0,0,0,0,0,0,0,0,0,0,0,0,94.51066,33.149
394,M,48,30,5,5,4.1192379648,91.942,40.209,-1,-1,-1,-1,-1,-1,-1,-1,-1,-1,-1,-1,-1,-1,-1,-1,-1,-1,-1,-1,-1,-1,-1,-1,-1,-1,-1,-1,-1,0,0,89.85698,37.11356
395,M,48,30,5,5,3.3424582008,96.602,38.659,-1,-1,0,0,0,0,0,0,0,0,0,0,0,0,0,0,0,0,0,0,0,-1,-1,-1,-1,-1,-1,0,0,-1,-1,99.55066,38.659
396,F,48,30,5,5,1.857151393,88.732,33.349,1,1,1,1,1,1,1,1,1,1,1,1,1,1,1,1,1,1,1,1,1,1,1,1,1,1,1,1,1,1,1,90.81702,36.44444
397,F,48,30,5,5,2.1873357237,93.842,33.709,1,1,1,1,1,1,1,1,1,1,1,1,1,1,1,1,1,1,1,1,1,1,1,1,1,1,1,1,1,1,1,95.92702,36.80444
398,F,31,10,10,10,1.1889594393,84.628,29.91,-1,-1,-1,-1,-1,-1,-1,0,0,0,0,0,0,0,0,0,0,0,0,0,0,0,0,0,0,1,1,1,1,1,1,87.57666,29.91
399,M,31,10,10,10,1.8953066933,99.188,35.38,-1,-1,-1,-1,-1,-1,-1,-1,-1,-1,-1,-1,0,0,1,1,1,1,1,1,1,1,1,1,1,1,1,1,1,0,0,101.27302,35.38
400,M,31,10,10,10,2.0799195346,87.858,30.72,0,0,0,0,0,0,0,0,0,0,0,0,0,-1,-1,-1,-1,-1,-1,-1,-1,-1,-1,-1,-1,-1,-1,-1,-1,-1,-1,85.77298,29.17228
401,F,31,10,10,10,1.5455816289,97.448,30.16,0,0,0,0,0,0,0,0,0,0,0,0,0,0,0,0,0,0,0,0,0,0,1,1,1,1,1,1,1,0,0,100.39666,30.16
402,M,31,10,10,10,2.0383455219,91.548,36.32,1,1,1,1,1,1,1,1,1,1,1,1,1,1,1,1,1,1,1,1,1,1,1,1,1,1,1,1,1,1,1,93.63302,39.41544
403,M,31,10,10,10,2.8564244464,97.488,41.65,0,0,0,0,0,-1,0,0,0,0,0,0,0,0,0,0,0,0,0,0,0,0,0,0,1,1,1,0,1,1,1,100.43666,41.65
404,F,31,10,10,10,2.5574005717,83.478,30.13,0,0,0,0,0,0,0,0,0,0,0,0,0,0,0,0,0,0,1,1,1,1,1,1,1,1,0,0,0,0,0,86.42666,31.67772
405,M,31,10,10,10,4.170440019,92.178,43.47,0,0,0,0,0,0,0,0,0,0,0,0,0,0,0,0,0,0,0,0,0,-1,-1,-1,-1,-1,-1,-1,0,0,0,95.12666,43.47
406,M,31,10,10,10,4.4714555455,90.918,45.29,0,0,0,0,0,0,-1,-1,-1,-1,-1,-1,-1,-1,-1,-1,-1,-1,-1,-1,-1,-1,-1,-1,-1,-1,-1,-1,-1,-1,-1,88.83298,42.19456
407,M,31,10,10,10,2.9508809514,89.508,35.16,-1,-1,-1,-1,-1,-1,-1,-1,-1,-1,-1,-1,-1,-1,-1,-1,-1,-1,-1,-1,-1,0,0,0,0,1,1,1,1,1,1,87.42298,32.06456
408,F,49,37,14,14,2.532664585,114,39.595,-1,-1,-1,-1,-1,0,0,0,0,0,0,0,0,0,0,0,0,0,0,0,0,0,0,0,0,0,0,0,0,0,0,116.94866,39.595
409,F,49,37,14,14,1.8332019561,93.65,31.835,0,0,0,-1,-1,0,1,1,1,1,1,1,1,1,1,1,1,1,1,1,1,1,1,1,1,1,1,1,0,0,0,95.73502,34.93044
410,F,49,37,14,14,1.7738347173,93.31,39.815,1,1,1,1,1,1,1,1,1,1,1,1,1,1,1,1,1,1,1,1,1,0,0,0,0,0,1,0,0,0,0,95.39502,42.91044
411,F,49,37,14,14,2.4656574663,95.93,36.835,0,0,0,0,0,0,0,0,0,0,0,0,0,0,0,0,0,0,0,0,0,0,0,0,0,0,-1,-1,-1,-1,-1,98.87866,36.835
412,F,49,37,14,14,2.4213574376,88.25,30.605,0,0,0,0,0,0,0,0,0,1,1,1,1,1,1,1,1,1,1,1,1,1,1,1,1,1,1,1,1,1,1,90.33502,32.15272
413,M,49,37,14,14,2.2471588937,85.39,33.665,-1,-1,-1,-1,-1,-1,-1,-1,-1,-1,-1,-1,-1,-1,-1,-1,-1,-1,-1,-1,-1,-1,-1,-1,-1,-1,0,0,0,-1,-1,83.30498,30.56956
414,M,49,37,14,14,3.0440694129,91.52,36.295,0,0,0,0,0,0,0,0,0,0,0,0,0,0,0,0,0,0,0,0,0,0,0,0,0,-1,-1,-1,-1,-1,-1,94.46866,36.295
415,M,49,37,14,14,4.8057834036,101.03,43.075,1,1,1,1,1,1,1,1,1,1,1,1,1,1,1,1,1,1,1,1,1,1,1,1,1,1,1,1,1,0,0,103.11502,46.17044
416,M,49,37,14,14,2.7145862353,95.06,34.245,0,0,0,1,1,1,1,0,0,0,0,-1,-1,-1,-1,-1,-1,-1,-1,-1,-1,-1,-1,-1,-1,-1,-1,-1,-1,-1,-1,92.97498,32.69728
417,F,49,37,14,14,1.6958124145,94.63,30.555,-1,-1,-1,-1,-1,-1,0,0,0,0,0,0,0,0,0,0,0,0,0,0,0,0,0,0,0,0,-1,-1,-1,-1,-1,97.57866,30.555
418,F,49,37,14,14,2.4879190679,93.67,37.075,1,1,1,1,1,1,1,1,1,1,1,1,1,1,0,0,0,0,0,0,0,0,0,0,1,1,0,0,0,0,0,96.61866,38.62272
419,F,49,37,14,14,4.6360967522,93.74,35.725,0,0,0,0,0,1,1,1,1,1,1,1,0,0,0,0,0,0,0,0,0,0,0,0,0,0,0,0,0,1,1,96.68866,37.27272
420,F,49,37,14,14,2.1830855901,93.02,35.715,0,0,0,0,0,0,0,0,0,0,0,0,0,0,0,0,0,0,0,0,0,0,0,0,0,0,0,0,0,0,0,95.96866,35.715
421,F,49,37,14,14,3.6665153861,87.75,40.285,1,1,1,1,1,1,1,1,1,1,0,0,0,0,0,0,0,0,0,0,0,-1,-1,-1,-1,-1,-1,-1,-1,-1,-1,90.69866,41.83272
422,M,42,2,13,13,3.0777833192,84.557,38.748,0,0,0,0,0,-1,-1,-1,-1,0,0,0,0,0,0,0,-1,-1,-1,-1,-1,-1,-1,-1,-1,-1,-1,-1,-1,-1,-1,87.50566,35.65256
423,F,42,2,13,13,1.4586786053,86.937,35.598,1,1,1,1,1,1,1,1,1,1,1,1,1,1,1,1,1,1,1,1,1,1,1,1,1,1,1,1,1,0,0,89.02202,38.69344
424,M,42,2,13,13,1.9622581125,31.595,30.028,0,0,0,0,0,0,0,0,0,0,0,0,0,0,0,0,0,0,0,0,0,0,0,0,0,0,1,1,1,1,1,34.54366,30.028
425,F,42,2,13,13,3.2238252017,95.087,36.898,-1,-1,-1,-1,-1,-1,-1,-1,-1,-1,-1,-1,-1,0,0,0,0,0,0,0,0,0,0,0,0,0,0,0,0,-1,-1,98.03566,35.35028
426,M,42,2,13,13,2.3642142116,98.407,28.668,-1,-1,-1,-1,-1,-1,-1,-1,-1,-1,-1,-1,-1,-1,-1,-1,-1,-1,-1,-1,-1,-1,-1,-1,-1,-1,0,0,0,0,0,96.32198,25.57256
427,F,42,2,13,13,1.6077070959,92.667,31.878,-1,-1,-1,-1,-1,-1,-1,-1,-1,-1,-1,-1,0,0,0,0,0,0,0,1,1,1,1,1,0,1,1,1,1,0,0,95.61566,31.878
428,F,42,2,13,13,1.2110761971,91.737,33.218,-1,-1,0,0,0,1,1,1,1,1,1,1,1,0,0,0,0,0,0,0,0,0,0,0,0,0,0,0,0,0,0,94.68566,34.76572
429,M,42,2,13,13,3.0536878943,93.157,38.138,-1,-1,-1,-1,-1,-1,-1,-1,-1,-1,-1,-1,-1,-1,-1,-1,-1,-1,-1,-1,-1,-1,-1,-1,-1,0,0,0,0,0,0,91.07198,35.04256
430,F,42,2,13,13,1.9418787836,91.537,29.298,1,1,0,0,0,0,0,0,0,0,0,0,0,0,0,0,0,0,0,0,0,0,0,0,0,0,0,0,0,0,0,94.48566,29.298
431,M,42,2,13,13,2.5867488664,94.797,36.158,-1,-1,-1,0,0,0,0,0,0,0,0,0,0,0,0,0,0,0,0,0,0,0,0,0,0,0,0,0,0,0,0,97.74566,36.158
432,F,42,2,13,13,2.1071093402,95.147,25.098,0,0,0,0,0,0,1,1,0,0,0,0,0,0,0,0,0,0,0,0,0,0,0,0,0,0,0,-1,-1,-1,-1,98.09566,26.64572
433,F,42,2,13,13,1.2975407674,84.887,31.538,0,1,1,1,1,1,1,1,1,1,1,1,1,1,1,1,1,1,1,1,1,1,1,1,0,0,0,0,0,0,0,86.97202,34.63344
434,,42,2,13,13,1.4222671874,83.488,31.87,0,0,1,1,1,1,0,0,0,0,0,0,0,0,0,-1,-1,-1,-1,-1,-1,-1,-1,-1,-1,-1,-1,-1,-1,0,0,81.40298,30.32228
435,M,27,11,12,12,3.9643942901,85.486,36.103,-1,-1,-1,-1,-1,-1,-1,-1,-1,-1,-1,-1,-1,-1,-1,-1,-1,-1,-1,-1,-1,-1,-1,-1,-1,-1,-1,-1,-1,-1,-1,83.40098,33.00756
436,M,27,11,12,12,5.3105430876,92.033,43.283,-1,-1,0,0,0,0,0,0,0,0,0,0,0,0,0,0,0,0,0,0,0,0,0,0,0,0,0,0,0,0,0,94.98166,43.283
437,M,27,11,12,12,2.0032530867,87.173,29.693,1,1,1,1,0,0,0,0,0,0,0,0,0,0,0,0,0,0,0,0,0,0,0,0,0,0,0,0,0,-1,-1,90.12166,29.693
438,M,27,11,12,12,4.4244275062,97.169,43.093,-1,-1,-1,0,0,0,0,1,1,1,1,1,1,1,1,1,1,1,1,1,1,1,1,1,0,0,0,0,1,0,0,99.25402,46.18844
439,M,27,11,12,12,5.9135135314,98.563,46.083,1,1,1,1,1,0,0,0,0,0,0,0,0,0,0,0,0,0,0,-1,-1,-1,-1,-1,-1,0,0,0,0,0,0,101.51166,44.53528
440,M,27,11,12,12,7.93090308,95.203,51.933,0,0,0,0,0,0,1,1,1,1,1,1,1,1,1,1,1,1,1,1,1,1,1,1,1,1,1,1,1,1,1,97.28802,55.02844
441,,27,11,12,12,5.6906449943,97.598,52.559,-1,-1,-1,-1,-1,-1,-1,-1,-1,-1,-1,-1,-1,-1,-1,-1,-1,-1,-1,-1,-1,0,0,0,0,1,1,1,1,0,0,95.51298,49.46356
442,M,27,11,12,12,4.4520687154,96.573,53.343,-1,-1,-1,-1,-1,-1,-1,-1,-1,-1,-1,-1,-1,-1,-1,-1,-1,-1,-1,-1,-1,-1,-1,-1,-1,-1,-1,-1,-1,-1,-1,94.48798,50.24756
443,M,27,11,12,12,4.2327349114,84.163,39.123,-1,-1,-1,-1,-1,-1,-1,-1,-1,-1,-1,-1,-1,-1,-1,-1,-1,-1,-1,-1,-1,-1,-1,-1,-1,-1,-1,-1,-1,-1,-1,82.07798,36.02756
444,F,27,11,12,12,4.4493017205,89.473,31.268,0,0,0,0,0,0,0,0,1,1,1,1,1,1,1,1,1,1,1,1,1,1,1,1,1,1,1,1,1,1,1,91.55802,32.81572
445,M,27,11,12,12,2.3206033807,89.883,30.013,0,-1,-1,-1,-1,-1,-1,-1,-1,0,0,0,0,0,0,0,0,0,1,1,1,1,1,1,1,0,1,1,1,0,0,92.83166,30.013
446,M,27,11,12,12,0.657240534,87.923,25.753,1,1,1,1,1,0,0,0,0,1,1,1,1,1,1,1,1,1,1,1,1,1,1,1,1,1,1,1,1,1,1,90.00802,27.30072
447,M,41,36,10,10,1.5287963999,89.088,29.084,0,0,0,0,0,0,0,0,0,0,0,0,0,0,0,0,0,0,0,0,0,0,0,0,0,0,0,0,0,0,0,92.03666,29.084
448,M,41,36,10,10,4.4742276437,99.478,46.524,-1,-1,-1,-1,-1,-1,-1,-1,-1,0,1,1,1,1,1,1,1,1,1,1,1,1,1,1,1,1,0,0,1,1,1,101.56302,46.524
449,M,41,36,10,10,3.442529232,94.268,40.524,1,1,1,1,1,0,0,0,0,0,0,0,0,0,0,0,0,0,0,0,0,0,0,0,0,0,-1,-1,-1,0,0,97.21666,40.524
450,M,41,36,10,10,3.2681260845,94.688,36.084,0,0,0,0,0,0,0,0,0,0,0,0,0,0,0,0,0,0,0,0,0,0,0,0,-1,-1,-1,-1,-1,0,0,97.63666,36.084
451,M,41,36,10,10,3.2189167405,93.158,38.564,-1,-1,-1,0,0,0,0,-1,-1,0,-1,-1,-1,-1,-1,-1,-1,-1,-1,-1,-1,-1,-1,-1,-1,-1,-1,-1,-1,-1,-1,91.07298,35.46856
452,M,41,36,10,10,6.2490262319,98.608,47.564,-1,-1,-1,-1,-1,-1,0,0,0,1,0,0,0,0,0,0,0,0,0,0,0,0,0,0,0,0,0,0,-1,-1,-1,101.55666,47.564
453,,41,36,10,10,3.6690907037,97.587,46.454,0,0,0,0,0,0,0,0,0,0,0,0,0,0,0,0,0,0,0,0,0,0,0,0,0,0,0,0,0,0,0,100.53566,46.454
454,F,41,36,10,10,1.1569078851,78.328,34.834,0,0,0,0,0,0,1,1,0,0,0,0,0,0,0,0,0,0,0,0,0,0,0,0,0,0,0,0,0,0,0,81.27666,36.38172
455,M,41,36,10,10,3.6459370131,91.148,36.824,0,0,0,0,0,0,0,0,0,0,0,0,0,0,0,0,0,0,0,0,0,0,0,0,0,0,0,1,1,1,0,94.09666,36.824
456,F,41,36,10,10,1.1235218203,85.368,29.574,0,0,0,0,0,0,0,0,0,0,0,0,0,0,1,1,1,1,1,1,1,1,1,1,1,0,1,1,1,1,1,87.45302,31.12172
457,F,24,6,12,12,1.323909521,81.966,28.342,1,1,1,1,1,1,1,1,1,1,1,1,1,1,1,1,1,1,1,1,1,1,1,1,1,1,1,1,1,1,1,84.05102,31.43744
458,F,24,6,12,12,1.4313380051,85.826,28.892,0,0,0,0,0,0,0,0,0,0,0,0,-1,-1,-1,-1,-1,-1,-1,-1,-1,-1,-1,-1,-1,-1,-1,-1,-1,-1,-1,83.74098,27.34428
459,M,24,6,12,12,1.8711751022,94.356,28.072,0,0,0,0,0,0,0,0,1,1,1,1,0,0,0,0,0,0,0,0,0,0,0,0,0,0,0,0,-1,-1,-1,97.30466,28.072
460,F,24,6,12,12,1.1020159761,89.686,34.842,0,0,0,0,0,0,-1,-1,-1,-1,-1,-1,-1,-1,-1,-1,-1,-1,-1,-1,-1,-1,-1,-1,-1,-1,0,0,0,1,1,87.60098,31.74656
461,M,24,6,12,12,2.0966362173,93.456,36.682,0,-1,-1,-1,-1,0,0,0,0,0,0,0,0,0,0,0,0,0,0,0,0,0,0,0,0,0,0,0,0,0,0,96.40466,36.682
462,F,24,6,12,12,1.2367829978,88.056,32.252,-1,-1,-1,-1,-1,-1,-1,-1,-1,-1,-1,-1,-1,-1,-1,-1,-1,-1,-1,-1,-1,-1,-1,-1,-1,-1,-1,-1,-1,0,0,85.97098,29.15656
463,F,24,6,12,12,1.5982358207,98.566,37.332,1,1,1,1,1,1,1,1,1,1,1,1,1,1,1,1,1,1,1,1,1,1,1,1,1,1,1,1,1,1,1,100.65102,40.42744
464,F,24,6,12,12,1.1518768697,87.236,31.922,1,1,1,1,1,1,1,1,1,1,1,1,1,1,1,1,1,1,1,1,1,1,1,1,0,0,0,0,0,0,0,89.32102,35.01744
465,M,24,6,12,12,3.4349859487,98.956,40.602,0,0,0,0,0,0,0,0,0,0,0,0,0,0,0,0,0,0,0,0,0,0,0,0,0,0,0,0,0,0,0,101.90466,40.602
466,F,24,6,12,12,1.219622862,93.466,36.902,-1,-1,-1,-1,-1,0,0,0,0,0,0,0,0,0,0,0,0,0,0,0,0,0,0,0,0,0,0,0,-1,-1,-1,96.41466,36.902
467,M,24,6,12,12,3.0657268226,91.696,41.292,1,0,0,0,0,0,0,0,0,0,0,0,0,0,0,0,0,0,0,0,0,0,0,0,0,0,1,1,1,1,1,94.64466,41.292
468,F,24,6,12,12,1.4862106998,91.306,31.302,0,0,0,0,0,0,0,0,0,0,0,0,0,0,0,0,0,0,0,0,0,0,0,0,0,0,-1,-1,-1,-1,-1,94.25466,31.302
469,M,29,35,9,9,2.5259338999,94.273,41.01,0,0,0,0,-1,-1,-1,-1,-1,-1,-1,-1,-1,-1,-1,-1,-1,-1,-1,-1,-1,-1,-1,-1,-1,-1,-1,-1,-1,-1,-1,92.18798,37.91456
470,F,29,35,9,9,1.482528723,87.943,38.88,-1,-1,-1,-1,-1,-1,-1,-1,-1,-1,-1,-1,-1,-1,-1,-1,-1,0,0,0,0,0,0,0,0,0,0,0,0,0,0,85.85798,37.33228
471,M,29,35,9,9,2.0094294295,101.993,32.48,0,0,0,0,0,0,0,1,1,1,1,1,1,1,1,1,1,1,1,1,1,1,1,1,1,0,0,0,0,0,0,104.07802,35.57544
472,M,29,35,9,9,2.2837715811,87.773,37.31,1,1,1,1,1,1,1,1,1,1,1,1,1,1,1,1,1,1,1,1,1,1,1,1,1,1,0,0,0,0,0,89.85802,40.40544
473,M,29,35,9,9,2.436828539,93.723,37.52,1,1,1,1,1,1,1,1,1,0,0,0,0,0,0,0,0,0,0,0,0,0,0,0,0,0,0,0,0,0,0,96.67166,39.06772
474,,29,35,9,9,2.7607949998,95.157,36.998,-1,-1,-1,-1,-1,-1,-1,0,0,0,0,0,0,0,0,0,0,0,0,0,0,0,0,0,0,0,0,0,0,0,0,98.10566,36.998
475,M,29,35,9,9,2.8470416154,96.173,38.05,0,0,0,0,0,0,0,0,0,0,0,0,0,0,0,0,0,0,0,0,0,0,0,0,0,0,0,0,0,0,0,99.12166,38.05
476,,29,35,9,9,3.0777833192,96.173,38.05,0,0,0,0,0,0,0,0,0,0,0,0,0,0,0,0,0,0,0,0,0,0,0,0,0,0,0,0,0,0,0,99.12166,38.05
478,M,29,35,9,9,3.1334689819,97.833,38.23,1,1,1,1,1,0,0,0,0,0,0,0,0,0,0,0,0,0,0,0,0,0,0,0,0,0,0,0,0,0,0,100.78166,38.23
479,F,34,9,13,13,4.734805641,90.35,36.972,0,0,0,0,0,0,0,0,0,0,0,0,0,0,0,0,0,0,0,0,0,0,0,0,0,0,-1,-1,-1,-1,-1,93.29866,36.972
480,M,34,9,13,13,4.1004332692,100.46,44.752,1,1,1,1,1,1,0,0,0,0,0,-1,-1,-1,-1,-1,-1,-1,-1,-1,-1,0,0,0,-1,0,0,0,0,0,0,98.37498,43.20428
481,F,34,9,13,13,1.4059937079,88.24,29.032,1,1,1,1,1,1,1,1,1,1,1,1,1,1,1,1,1,1,1,1,1,1,1,1,0,0,0,0,0,0,0,90.32502,32.12744
482,F,34,9,13,13,1.4422512063,89.59,28.092,-1,-1,-1,-1,-1,-1,-1,-1,-1,-1,-1,-1,-1,-1,-1,-1,-1,-1,-1,-1,-1,-1,-1,-1,-1,-1,-1,-1,-1,-1,-1,87.50498,24.99656
483,M,34,9,13,13,3.2262804729,96.28,42.542,-1,-1,-1,-1,-1,-1,-1,-1,-1,-1,-1,-1,-1,-1,-1,0,1,1,1,1,1,1,1,1,1,1,1,0,0,0,0,99.22866,42.542
484,M,34,9,13,13,4.0468817269,96.38,41.632,-1,-1,-1,-1,-1,0,0,0,0,0,0,0,0,0,0,0,0,0,0,0,0,1,1,1,1,1,1,1,1,1,1,99.32866,41.632
485,M,34,9,13,13,2.3445520556,94.82,37.342,0,0,0,1,1,1,1,1,1,0,0,0,0,0,0,0,0,0,0,0,0,0,0,0,0,0,0,0,0,1,1,97.76866,38.88972
486,M,34,9,13,13,2.279452816,101.31,38.202,-1,-1,-1,-1,-1,-1,-1,-1,-1,-1,-1,-1,0,0,1,1,1,1,1,1,1,1,1,1,0,0,-1,-1,-1,-1,-1,103.39502,38.202
487,F,34,9,13,13,1.3879936965,97.09,30.632,1,1,1,1,1,1,1,1,1,1,1,1,1,1,1,1,1,1,1,1,1,1,1,1,1,1,1,1,1,1,1,99.17502,33.72744
488,M,34,9,13,13,4.7065243908,97.47,40.022,0,0,0,0,0,0,0,-1,-1,-1,-1,-1,-1,-1,0,0,0,0,0,0,0,0,0,0,0,0,0,0,0,0,0,100.41866,38.47428
489,M,34,9,13,13,2.9603892111,100.97,43.092,-1,-1,-1,-1,-1,-1,-1,-1,-1,-1,-1,0,0,0,0,0,0,0,0,0,0,0,0,0,0,0,0,0,-1,-1,-1,103.91866,41.54428
490,M,34,9,13,13,3.1043693648,87.08,34.462,0,0,1,1,1,1,1,1,1,0,0,0,0,0,0,0,0,0,0,0,0,0,0,0,0,0,0,0,0,0,0,90.02866,36.00972
491,F,34,9,13,13,1.2471217275,94.55,37.582,0,0,0,0,0,0,0,0,0,0,0,0,0,0,-1,-1,-1,-1,-1,0,0,0,0,0,0,0,0,0,1,0,0,92.46498,37.582
860,F,44,12,10,10,4.6670363673,94.333,39.44,1,1,1,0,0,0,0,0,0,0,0,0,0,0,0,0,0,0,0,0,0,-1,-1,-1,-1,-1,0,0,0,0,0,97.28166,39.44
861,F,44,12,10,10,2.4235653559,93.643,26.16,-1,-1,-1,-1,-1,-1,0,0,0,0,0,0,0,0,0,0,0,0,0,0,0,0,0,0,0,0,0,0,0,-1,-1,96.59166,26.16
862,M,44,12,10,10,3.7207377879,95.133,40.26,-1,-1,0,-1,-1,-1,-1,-1,-1,-1,-1,-1,-1,-1,-1,-1,-1,-1,-1,-1,-1,-1,-1,-1,-1,-1,0,0,0,0,0,93.04798,37.16456
863,M,44,12,10,10,2.2064992524,99.463,36.35,-1,-1,-1,-1,-1,-1,-1,-1,-1,-1,-1,-1,-1,-1,-1,-1,-1,-1,-1,-1,-1,-1,-1,-1,-1,-1,0,0,0,0,0,97.37798,33.25456
864,F,44,12,10,10,1.2230477692,96.583,29.69,1,1,1,1,1,0,0,0,0,0,0,0,0,0,0,0,0,0,0,0,0,0,0,0,0,0,0,0,1,1,1,99.53166,29.69
865,F,44,12,10,10,0.5997046695,85.923,18.49,0,0,0,0,0,0,0,0,0,-1,-1,-1,-1,-1,-1,-1,-1,0,0,0,0,1,1,1,1,1,1,1,1,1,1,83.83798,18.49
866,M,44,12,10,10,3.4149005624,104.003,43.43,1,1,1,1,1,1,1,1,1,0,0,0,0,0,0,0,0,0,0,0,0,1,1,1,1,1,1,1,1,1,1,106.95166,44.97772
867,F,44,12,10,10,1.6210017339,90.473,24.46,0,0,0,0,0,0,0,0,0,0,-1,-1,-1,-1,-1,-1,-1,-1,-1,-1,-1,-1,-1,-1,-1,-1,-1,-1,-1,-1,-1,88.38798,22.91228
868,M,44,12,10,10,0.9139797539,89.433,29.48,-1,-1,-1,-1,-1,-1,0,0,0,0,-1,-1,-1,-1,-1,-1,-1,-1,-1,-1,-1,-1,-1,-1,-1,-1,-1,-1,0,0,0,87.34798,27.93228
871,M,44,12,10,10,4.610839364,95.123,41.33,0,0,0,0,0,0,0,0,0,0,0,0,0,0,0,0,0,0,0,0,0,0,0,0,0,0,0,0,0,1,1,98.07166,41.33
1037,M,42,26,11,11,1.8073871314,95.336,37.347,0,0,0,0,0,0,0,0,0,0,0,0,0,0,0,0,0,0,0,0,0,0,0,0,0,0,0,0,1,1,1,98.28466,37.347
1038,M,42,26,11,11,3.379856429,90.267,35.447,-1,-1,-1,-1,-1,-1,-1,-1,-1,-1,-1,-1,-1,-1,-1,-1,-1,-1,-1,-1,-1,0,0,0,0,0,1,1,1,0,0,88.18198,32.35156
1039,F,42,26,11,11,1.5009724647,83.137,18.997,0,0,0,0,0,0,-1,-1,-1,-1,-1,-1,-1,-1,-1,-1,-1,-1,-1,-1,-1,-1,-1,-1,0,0,0,0,0,0,0,81.05198,15.90156
1040,M,42,26,11,11,2.4147381643,101.337,36.707,1,1,0,0,0,0,0,0,0,-1,-1,-1,0,0,0,0,0,0,0,0,0,1,1,1,1,1,1,1,1,1,1,104.28566,36.707
1041,M,42,26,11,11,2.197974471,85.197,34.667,-1,-1,-1,-1,-1,-1,0,0,0,0,-1,-1,-1,-1,-1,-1,-1,-1,-1,-1,-1,-1,-1,-1,-1,-1,-1,-1,0,0,0,83.11198,33.11928
1042,M,42,26,11,11,2.4812327927,96.007,39.917,0,0,0,0,0,0,0,0,0,0,0,0,0,0,0,0,0,0,0,0,0,0,0,0,-1,-1,0,0,0,0,0,98.95566,39.917
1043,M,42,26,11,11,2.2837715811,78.367,27.407,1,1,1,1,1,1,1,1,1,1,1,1,1,1,1,1,1,1,1,1,1,1,1,0,1,1,1,1,1,1,1,80.45202,30.50244
1044,M,42,26,11,11,1.7876221592,98.227,31.487,1,1,1,1,1,1,1,1,1,1,1,1,1,1,1,0,0,0,0,0,0,0,0,-1,-1,-1,-1,-1,-1,-1,-1,101.17566,33.03472
1045,F,42,26,11,11,4.3227117165,93.397,35.507,-1,-1,-1,0,0,0,0,0,0,0,0,0,0,0,0,0,0,0,0,0,0,0,0,0,-1,-1,0,0,0,0,0,96.34566,35.507
1046,M,42,26,11,11,4.2680964675,96.487,38.727,-1,-1,-1,-1,-1,-1,-1,-1,-1,-1,-1,-1,-1,-1,-1,-1,-1,-1,-1,-1,-1,-1,-1,-1,-1,-1,-1,-1,-1,0,0,94.40198,35.63156
1047,M,42,26,11,11,2.3927225243,91.927,30.907,0,0,0,0,0,0,1,1,1,1,1,1,1,1,1,1,1,1,1,1,1,1,0,0,0,0,-1,-1,-1,-1,-1,94.01202,34.00244
1141,F,45,10,14,14,2.3140877697,96.018,33.82,0,0,0,0,0,0,0,0,0,0,0,0,0,0,0,0,0,0,0,0,0,0,0,0,-1,-1,-1,-1,-1,0,0,98.96666,33.82
1142,F,45,10,14,14,4.170440019,90.828,37.31,0,0,1,1,1,1,1,1,1,1,1,1,1,1,1,1,1,1,1,1,1,1,1,0,0,0,0,-1,-1,-1,-1,92.91302,40.40544
1143,F,45,10,14,14,2.6480990718,92.838,29.02,0,0,0,0,0,0,0,0,0,0,0,0,0,0,0,0,0,0,0,0,0,0,0,0,-1,-1,-1,-1,-1,0,0,95.78666,29.02
1144,F,45,10,14,14,1.9970838019,86.068,27.81,0,0,0,0,0,0,0,0,0,0,0,0,0,0,0,0,0,0,0,0,0,0,0,0,-1,-1,0,0,0,0,0,89.01666,27.81
1145,M,45,10,14,14,4.6389062882,98.338,44.25,-1,-1,-1,-1,-1,-1,-1,-1,-1,-1,-1,-1,-1,-1,-1,-1,-1,-1,-1,-1,-1,-1,-1,-1,-1,-1,0,0,0,0,0,96.25298,41.15456
1146,M,45,10,14,14,3.2656590415,95.338,37.57,0,0,0,0,0,0,1,1,1,1,1,1,1,1,1,0,0,0,0,0,0,1,1,1,1,1,1,1,1,1,1,98.28666,39.11772
1147,M,45,10,14,14,2.1852102735,90.018,30.95,-1,-1,-1,-1,-1,-1,0,0,0,0,0,0,0,0,0,0,0,0,0,0,0,0,0,0,-1,-1,0,0,0,0,0,92.96666,30.95
1148,M,45,10,14,14,4.8371376199,94.658,38.29,1,1,1,1,1,1,1,1,1,1,1,1,1,1,1,1,1,1,1,1,1,1,1,1,1,1,1,1,1,0,0,96.74302,41.38544
1149,M,45,10,14,14,4.1165496253,103.038,41.85,1,1,1,1,1,1,1,1,1,1,1,1,1,1,1,0,0,0,0,0,0,0,0,0,0,0,0,0,0,1,1,105.98666,43.39772
1150,F,45,10,14,14,1.9561360257,88.538,30.59,0,0,0,0,0,0,1,1,1,1,1,1,1,1,1,0,0,0,0,0,0,0,0,0,0,0,0,0,0,0,0,91.48666,32.13772
1151,M,45,10,14,14,2.2708243896,93.848,32.79,0,0,0,0,0,1,1,1,1,1,1,1,1,1,1,1,1,1,1,1,1,1,1,1,1,1,1,1,1,1,1,95.93302,35.88544
1152,M,45,10,14,14,1.7366117669,94.698,31.43,1,1,1,1,1,1,1,1,1,1,1,1,1,1,1,1,1,1,1,1,1,1,1,1,1,1,1,1,1,1,1,96.78302,34.52544
1153,M,45,10,14,14,3.4651958984,94.348,39.52,0,0,0,1,1,0,0,0,0,0,0,0,0,0,0,0,0,0,0,0,0,0,0,0,0,0,0,0,0,0,0,97.29666,39.52
1154,F,45,10,14,14,2.5799651567,91.398,31.14,0,0,0,0,0,0,0,0,0,0,0,0,0,0,1,1,1,1,1,1,1,1,1,1,1,1,1,1,1,1,1,93.48302,32.68772
1164,F,31,17,10,9,1.663048692,93.751,28.772,0,0,0,0,0,0,0,0,0,0,0,0,0,-1,0,0,0,0,0,0,0,0,0,0,0,0,0,0,0,0,0,96.69966,28.772
1165,M,31,17,10,9,4.095066365,103.471,45.432,1,1,1,1,1,1,1,1,1,1,1,0,0,-1,0,0,0,0,0,0,0,0,0,0,0,0,0,0,0,0,0,106.41966,46.97972
1166,M,31,17,10,9,3.4450450241,96.211,41.622,-1,-1,-1,-1,-1,-1,-1,-1,-1,-1,0,0,0,0,0,0,0,0,0,0,0,0,0,0,0,0,0,0,0,0,0,99.15966,40.07428
1167,M,31,17,10,9,2.3184307551,108.491,37.062,0,0,0,1,1,1,1,1,1,1,1,1,1,1,1,1,1,1,1,1,1,1,1,1,1,1,0,1,1,1,1,110.57602,40.15744
1168,M,31,17,10,9,1.9195528384,99.921,33.182,0,0,0,0,0,-1,-1,-1,-1,-1,0,0,0,0,0,0,0,0,0,0,0,0,0,0,0,0,0,0,0,0,0,102.86966,31.63428
1169,M,31,17,10,9,1.799471466,88.791,33.532,0,0,0,1,1,1,1,1,1,1,1,1,1,1,1,1,1,1,1,1,1,1,1,1,1,1,1,1,1,1,1,90.87602,36.62744
1171,F,31,17,10,9,3.777858395,91.671,34.522,-1,-1,-1,-1,-1,-1,-1,-1,-1,-1,0,0,0,0,0,0,0,0,0,0,0,1,1,1,1,1,1,1,1,1,1,94.61966,32.97428
1172,M,31,17,10,9,3.6485069589,91.861,37.482,0,0,0,0,0,0,0,0,0,0,0,0,0,-1,0,0,0,0,0,0,0,0,0,0,0,0,0,0,1,1,1,94.80966,37.482
1173,F,31,17,10,9,3.7259172194,94.141,37.432,0,0,0,0,0,1,1,1,1,1,1,1,1,1,1,1,1,1,1,1,1,1,1,1,1,1,1,1,1,0,0,96.22602,40.52744
1174,M,45,35,4,9,2.1344299649,98.256,42.71,0,0,0,0,0,0,0,0,0,0,0,0,0,-1,0,0,0,0,0,0,0,0,0,0,0,0,0,0,0,1,1,101.20466,42.71
1175,F,45,35,4,9,1.6900133555,81.703,24,1,1,1,1,1,1,1,1,1,0,0,0,0,0,0,0,0,0,0,0,0,0,0,0,0,0,0,0,0,0,0,84.65166,25.54772
1176,F,45,35,4,9,1.7288127303,79.413,19.35,0,0,0,0,0,0,0,0,0,0,1,1,1,0,1,1,1,1,1,1,1,1,1,1,1,1,1,1,1,1,1,81.49802,20.89772
1177,M,45,35,4,9,2.6162212415,98.023,34.97,0,0,0,0,0,1,1,1,1,1,1,1,1,1,1,1,1,1,1,1,1,1,1,1,1,1,1,1,1,1,1,100.10802,38.06544
1178,M,44,40,12,9,1.8932913469,92.675,30.235,1,1,1,1,1,0,0,0,0,0,0,0,0,0,0,0,0,0,0,0,0,0,0,0,0,0,0,0,0,-1,-1,95.62366,30.235
1179,F,44,40,12,9,2.1197026301,84.835,26.505,0,0,0,0,0,-1,-1,-1,-1,-1,-1,-1,-1,-1,-1,-1,-1,-1,-1,-1,-1,-1,-1,-1,-1,-1,-1,-1,-1,-1,-1,82.74998,23.40956
1180,M,44,40,12,9,2.0987292925,89.675,32.045,1,1,1,1,1,0,0,0,0,0,1,1,1,1,0,0,0,0,0,0,0,0,0,0,-1,-1,-1,-1,-1,-1,-1,92.62366,32.045
1181,F,44,40,12,9,4.2762723214,89.285,34.655,0,0,0,0,0,-1,-1,-1,-1,-1,-1,-1,-1,-1,-1,-1,-1,-1,-1,-1,-1,-1,-1,-1,-1,-1,-1,-1,-1,-1,-1,87.19998,31.55956
1182,M,44,40,12,9,2.9485056604,86.755,40.025,0,0,0,0,0,0,1,1,1,1,1,1,1,1,0,0,0,0,0,0,0,0,0,0,-1,-1,0,0,0,0,0,89.70366,41.57272
1183,F,44,40,12,12,7.1438182523,105.635,45.015,1,1,1,1,1,1,1,1,1,1,1,1,1,1,0,0,0,0,0,0,0,0,0,0,0,0,0,0,0,0,0,108.58366,46.56272
1184,F,44,40,12,12,1.7935431815,94.075,34.145,1,1,1,1,1,0,0,0,0,0,0,0,0,0,0,0,0,0,0,0,0,-1,-1,0,0,0,0,0,0,0,0,97.02366,34.145
1185,M,44,40,12,12,3.3623847078,94.085,35.325,0,0,0,0,0,0,0,0,0,0,0,0,0,0,-1,-1,-1,-1,-1,-1,-1,-1,-1,-1,-1,-1,-1,-1,-1,-1,-1,91.99998,33.77728
1186,F,44,40,12,12,3.4374996942,98.565,36.275,1,1,1,1,1,0,0,0,0,0,0,0,0,0,0,0,-1,-1,-1,-1,-1,-1,-1,-1,-1,-1,-1,-1,-1,-1,-1,101.51366,34.72728
1187,M,44,40,12,12,1.8531518128,85.615,27.935,1,1,1,1,1,1,0,0,1,1,0,0,1,1,0,0,0,0,0,0,0,0,0,0,0,0,0,-1,-1,-1,-1,88.56366,27.935
1188,M,44,40,12,12,2.3119174104,93.355,34.495,0,0,0,0,0,0,0,0,0,0,0,-1,-1,-1,-1,-1,-1,-1,-1,-1,-1,-1,-1,-1,-1,-1,0,1,-1,-1,-1,91.26998,32.94728
1189,F,44,40,12,12,2.532664585,89.495,32.335,0,0,0,0,0,-1,-1,-1,-1,-1,-1,-1,-1,-1,-1,-1,-1,-1,-1,-1,-1,-1,-1,-1,-1,-1,-1,0,-1,-1,-1,87.40998,29.23956
1190,F,45,35,5,12,2.5035463253,96.703,28.28,0,0,0,0,0,-1,0,0,0,0,0,0,0,0,0,0,0,0,0,0,0,0,0,0,0,0,0,0,0,-1,-1,99.65166,28.28
1191,M,45,35,5,12,6.2020171246,96.813,42.55,0,0,0,0,0,-1,-1,-1,-1,-1,-1,-1,-1,-1,-1,-1,-1,-1,-1,-1,-1,-1,-1,-1,-1,0,0,1,0,0,0,94.72798,39.45456
1192,M,45,35,5,12,1.8872500828,89.873,27.69,0,0,0,0,0,0,0,0,0,0,0,0,0,0,0,0,0,0,0,0,0,0,0,0,0,-1,-1,0,-1,-1,-1,92.82166,27.69
1193,F,45,35,5,12,2.2407206451,94.663,25.16,0,0,0,0,1,1,1,1,1,1,1,1,1,1,1,1,1,1,1,1,1,1,1,1,0,0,0,0,0,0,0,96.74802,28.25544
1194,M,45,35,5,12,2.7307263744,97.223,40.19,-1,-1,-1,-1,0,0,0,0,0,0,0,1,1,1,1,1,1,1,1,1,1,1,1,1,0,0,0,0,0,0,0,99.30802,41.73772
1295,M,42,36,4,8,4.8399917537,94.128,44.674,-1,-1,-1,-1,0,0,0,0,0,0,0,1,0,0,0,0,0,0,0,0,0,1,1,1,1,0,0,0,0,0,0,97.07666,44.674
1296,F,42,36,4,8,2.2086323605,93.078,28.184,-1,-1,-1,-1,-1,-1,-1,-1,-1,-1,-1,-1,-1,0,0,0,-1,-1,-1,-1,-1,0,0,0,0,0,1,1,1,1,0,96.02666,25.08856
1297,M,42,36,4,8,3.0009257753,96.698,44.394,0,0,0,0,1,1,1,1,1,1,1,1,1,1,1,1,1,1,1,1,1,1,1,1,0,0,0,0,0,0,0,98.78302,47.48944
1298,F,42,36,4,8,2.381742785,92.958,26.764,-1,-1,-1,-1,-1,-1,-1,-1,-1,-1,-1,-1,-1,-1,-1,-1,-1,-1,-1,0,0,1,1,1,1,1,1,1,1,1,0,90.87298,25.21628
1299,F,41,9,4,8,1.460508131,90.35,25.972,-1,-1,-1,-1,0,1,0,0,0,0,0,0,-1,-1,-1,-1,-1,-1,-1,-1,-1,0,0,0,0,0,1,1,1,1,0,88.26498,24.42428
1300,F,41,9,4,8,1.6861514127,86.21,27.102,-1,-1,-1,-1,0,0,0,0,1,1,1,1,1,0,0,0,0,0,0,0,0,1,1,1,1,1,1,1,1,1,0,89.15866,27.102
1301,F,41,9,4,8,2.9366398555,97.25,38.302,0,0,0,0,0,0,0,0,0,0,0,1,1,1,1,1,1,1,1,1,1,1,1,1,0,0,0,0,0,0,0,99.33502,39.84972
1302,M,41,9,4,8,1.7640108164,90.584,34.292,1,1,1,1,1,1,1,1,1,1,1,1,1,1,1,1,1,1,1,1,1,1,1,1,1,1,1,1,1,1,1,92.66902,37.38744
1437,F,41,9,6,10,2.5214504698,86.28,29.212,0,0,0,0,0,0,0,0,0,0,0,0,0,0,0,0,0,0,0,0,0,0,0,0,0,0,0,0,0,0,0,89.22866,29.212
1438,F,41,9,6,10,2.5890115715,98.96,32.812,0,0,0,0,0,1,1,1,1,1,1,1,1,1,1,1,1,1,1,1,1,1,1,1,1,0,0,0,0,0,0,101.04502,35.90744
1439,F,41,9,6,10,3.2508713072,89.6,31.602,1,1,1,1,1,1,1,1,1,1,0,0,0,0,0,0,0,0,0,0,0,0,1,1,1,1,1,1,1,1,1,92.54866,33.14972
1440,M,41,9,6,10,2.5890115715,96.32,40.652,0,0,0,0,0,1,0,0,0,0,0,0,0,0,0,0,1,1,1,1,1,1,1,1,1,0,0,0,0,0,0,99.26866,42.19972
1441,M,41,9,6,10,3.1773070044,97.05,39.212,1,1,0,0,0,1,1,1,1,1,1,1,1,1,1,1,1,1,1,1,1,1,1,1,1,0,0,0,0,-1,-1,99.13502,42.30744
1442,F,41,9,6,10,2.3445520556,85.05,31.082,-1,-1,-1,-1,-1,0,0,0,0,0,0,0,0,0,0,0,1,1,1,1,1,1,1,1,1,0,0,0,0,0,0,87.99866,32.62972
1443,M,31,6,13,10,6.2396138751,97.306,46.882,1,1,1,1,1,1,1,1,1,1,1,1,1,1,1,1,1,1,1,1,1,1,1,1,1,0,0,0,0,0,0,99.39102,49.97744
1445,M,31,6,13,10,6.1457802557,97.196,47.312,0,0,0,0,0,-1,0,0,0,0,0,0,0,0,0,0,0,0,0,0,0,0,0,0,0,0,0,0,0,0,0,100.14466,47.312
1446,M,31,6,13,10,4.4659132618,98.426,43.812,1,1,1,1,1,1,1,1,1,0,0,0,0,0,0,0,0,0,0,0,0,0,0,0,0,1,0,0,0,-1,-1,101.37466,45.35972
1447,F,31,6,13,12,2.7122834004,82.736,26.992,0,0,0,0,0,-1,0,0,0,0,0,0,0,0,0,0,0,0,0,0,0,0,0,0,0,0,-1,-1,-1,-1,-1,85.68466,26.992
1448,M,31,6,13,12,2.3097478068,100.126,40.762,0,0,0,0,0,-1,0,0,0,0,0,0,0,0,0,0,0,0,0,0,0,0,0,0,0,0,0,0,0,0,0,103.07466,40.762
1449,F,31,6,13,12,3.0898573664,104.106,30.632,1,1,1,1,1,1,1,1,1,0,1,1,1,0,0,0,0,0,0,0,0,0,0,0,0,0,0,0,0,0,0,107.05466,32.17972
1451,M,31,6,13,12,5.1489743153,88.666,40.412,1,1,1,1,1,1,1,1,1,1,1,1,1,1,1,1,1,1,1,1,1,1,1,1,0,0,1,1,1,0,0,90.75102,43.50744
1452,M,31,6,13,12,3.3598914914,106.176,44.112,1,1,1,1,1,1,1,1,1,1,1,1,1,1,1,1,1,1,1,1,1,1,1,1,1,1,1,1,1,0,0,108.26102,47.20744
1453,F,31,6,13,12,1.5232164491,87.186,27.452,1,1,1,1,1,1,1,1,1,1,1,1,1,1,1,1,1,1,1,1,1,1,1,1,1,1,1,1,1,1,1,89.27102,30.54744
1454,M,31,6,13,12,4.6895858359,94.156,41.692,0,0,0,0,0,0,-1,-1,-1,-1,-1,-1,-1,-1,-1,-1,-1,-1,-1,-1,-1,0,0,0,0,0,0,-1,-1,-1,-1,92.07098,38.59656
1455,F,31,6,13,12,2.1597647393,88.106,32.652,1,1,1,1,1,1,1,1,1,0,0,0,0,0,0,0,0,0,0,0,0,0,0,0,1,1,1,1,1,0,0,91.05466,34.19972
1456,F,42,36,3,12,4.038871543,97.268,31.814,1,1,1,1,1,1,1,1,1,1,0,0,0,0,0,0,0,0,0,0,0,0,0,0,0,0,0,1,1,0,0,100.21666,33.36172
1457,M,42,36,3,12,2.1873357237,100.938,38.404,1,1,1,1,1,1,1,1,1,1,1,1,1,1,1,1,1,1,1,1,1,1,1,1,1,1,1,1,1,0,0,103.02302,41.49944
1458,F,42,36,3,12,2.5596537193,88.328,28.804,0,0,0,0,0,-1,-1,-1,-1,-1,-1,-1,-1,-1,-1,-1,-1,-1,-1,-1,-1,-1,-1,-1,-1,-1,-1,-1,-1,-1,-1,86.24298,25.70856
